ApplicantIncome,CoapplicantIncome,LoanAmount,Loan_Amount_Term,Credit_History,Gender_Female,Gender_Male,Married_No,Married_Yes,Dependents_0,Dependents_1,Dependents_2,Dependents_3+,Education_Graduate,Education_Not Graduate,Self_Employed_No,Self_Employed_Yes,Property_Area_Rural,Property_Area_Semiurban,Property_Area_Urban,target
-0.058507452514978624,-1.0522813964615434,-0.7145383010514978,-0.2801659026549069,0.41453312151208005,0.0,1.0,0.0,1.0,1.0,0.0,0.0,0.0,0.0,1.0,1.0,0.0,1.0,0.0,0.0,1
-0.2891148621872698,-1.0522813964615434,-0.6725850441916353,0.3818237903362353,-2.412352471021688,1.0,0.0,0.0,1.0,1.0,0.0,0.0,0.0,1.0,0.0,1.0,0.0,1.0,0.0,0.0,0
-0.840262040706606,-1.0522813964615434,-1.2431493374857643,0.3818237903362353,0.41453312151208005,0.0,1.0,0.0,1.0,1.0,0.0,0.0,0.0,1.0,0.0,1.0,0.0,0.0,1.0,0.0,1
-0.48936726901468175,-1.0522813964615434,-1.0166017504425071,0.3818237903362353,0.41453312151208005,0.0,1.0,1.0,0.0,1.0,0.0,0.0,0.0,1.0,0.0,1.0,0.0,0.0,0.0,1.0,1
-0.04967278750788692,-1.0522813964615434,-0.6725850441916353,0.3818237903362353,0.41453312151208005,0.0,1.0,0.0,1.0,1.0,0.0,0.0,0.0,1.0,0.0,1.0,0.0,0.0,1.0,0.0,1
-0.7920111779755667,0.9503161448664326,-0.7397102551674153,0.3818237903362353,-2.412352471021688,0.0,1.0,0.0,1.0,1.0,0.0,0.0,0.0,0.0,1.0,0.0,1.0,0.0,1.0,0.0,0
0.25795477863648575,-1.0522813964615434,-0.22788052147709378,0.3818237903362353,0.41453312151208005,0.0,1.0,1.0,0.0,0.0,1.0,0.0,0.0,1.0,0.0,1.0,0.0,0.0,0.0,1.0,1
-0.2918332206509903,0.9503161448664326,-0.3033963838248461,0.3818237903362353,0.41453312151208005,1.0,0.0,1.0,0.0,1.0,0.0,0.0,0.0,1.0,0.0,1.0,0.0,0.0,0.0,1.0,1
0.08239412785453522,-1.0522813964615434,-0.051676842665671636,0.3818237903362353,0.41453312151208005,1.0,0.0,1.0,0.0,1.0,0.0,0.0,0.0,1.0,0.0,1.0,0.0,0.0,0.0,1.0,0
-0.492312157350379,-1.0522813964615434,-0.7229289524234703,0.3818237903362353,0.41453312151208005,0.0,1.0,1.0,0.0,1.0,0.0,0.0,0.0,1.0,0.0,1.0,0.0,0.0,0.0,1.0,1
-0.5885873529404809,0.9503161448664326,-0.009723585805809223,0.3818237903362353,0.41453312151208005,0.0,1.0,1.0,0.0,1.0,0.0,0.0,0.0,1.0,0.0,1.0,0.0,1.0,0.0,0.0,1
0.19520600409893699,0.9503161448664326,-0.009723585805809223,0.3818237903362353,0.41453312151208005,0.0,1.0,0.0,1.0,1.0,0.0,0.0,0.0,1.0,0.0,1.0,0.0,0.0,1.0,0.0,1
-1.004496197889721,0.9503161448664326,-0.19431791598920387,0.3818237903362353,0.41453312151208005,0.0,1.0,1.0,0.0,1.0,0.0,0.0,0.0,1.0,0.0,1.0,0.0,0.0,0.0,1.0,1
-0.06054622136276902,0.9503161448664326,-0.3789122461725985,0.3818237903362353,0.41453312151208005,0.0,1.0,0.0,1.0,1.0,0.0,0.0,0.0,1.0,0.0,1.0,0.0,1.0,0.0,0.0,1
-0.530595705714443,-1.0522813964615434,-0.8068354661431951,0.3818237903362353,0.41453312151208005,0.0,1.0,0.0,1.0,1.0,0.0,0.0,0.0,1.0,0.0,1.0,0.0,0.0,1.0,0.0,0
0.15488368688708254,-1.0522813964615434,-0.6054598332158555,0.3818237903362353,0.41453312151208005,0.0,1.0,0.0,1.0,0.0,1.0,0.0,0.0,0.0,1.0,1.0,0.0,0.0,1.0,0.0,1
0.5116682352504014,0.9503161448664326,0.5692313588602921,0.3818237903362353,0.41453312151208005,0.0,1.0,1.0,0.0,1.0,0.0,0.0,0.0,0.0,1.0,1.0,0.0,1.0,0.0,0.0,0
-0.6837298991706993,-1.0522813964615434,-0.9746484935826448,0.3818237903362353,0.41453312151208005,1.0,0.0,1.0,0.0,1.0,0.0,0.0,0.0,0.0,1.0,1.0,0.0,0.0,1.0,0.0,1
-0.17562339632693788,-1.0522813964615434,-0.8907419798629199,0.3818237903362353,0.41453312151208005,1.0,0.0,0.0,1.0,0.0,0.0,0.0,1.0,1.0,0.0,0.0,1.0,1.0,0.0,0.0,1
-0.9730085456849583,-1.0522813964615434,-1.1256802182781496,0.3818237903362353,0.41453312151208005,0.0,1.0,0.0,1.0,0.0,1.0,0.0,0.0,1.0,0.0,1.0,0.0,0.0,1.0,0.0,1
-0.832560025059398,0.9503161448664326,-0.5886785304719105,0.3818237903362353,0.41453312151208005,0.0,1.0,0.0,1.0,1.0,0.0,0.0,0.0,1.0,0.0,1.0,0.0,0.0,1.0,0.0,1
0.07038804463976957,-1.0522813964615434,-0.6558037414476904,0.3818237903362353,0.41453312151208005,1.0,0.0,0.0,1.0,1.0,0.0,0.0,0.0,0.0,1.0,1.0,0.0,0.0,1.0,0.0,1
-0.6053505634667574,0.9503161448664326,-0.5718972277279656,0.3818237903362353,0.41453312151208005,0.0,1.0,1.0,0.0,0.0,1.0,0.0,0.0,0.0,1.0,1.0,0.0,1.0,0.0,0.0,1
-0.4689795805367778,-1.0522813964615434,-0.5383346222400757,0.3818237903362353,0.41453312151208005,0.0,1.0,1.0,0.0,1.0,0.0,0.0,0.0,0.0,1.0,1.0,0.0,0.0,1.0,0.0,1
-0.1235215257722945,-1.0522813964615434,-0.7145383010514978,0.3818237903362353,0.41453312151208005,0.0,1.0,0.0,1.0,1.0,0.0,0.0,0.0,0.0,1.0,1.0,0.0,1.0,0.0,0.0,1
-0.44224905564352596,-1.0522813964615434,-0.4628187598923233,0.3818237903362353,0.41453312151208005,0.0,1.0,0.0,1.0,0.0,1.0,0.0,0.0,0.0,1.0,1.0,0.0,0.0,0.0,1.0,1
0.34630142870740277,0.9503161448664326,0.7454350376717143,0.3818237903362353,-2.412352471021688,1.0,0.0,0.0,1.0,1.0,0.0,0.0,0.0,1.0,0.0,1.0,0.0,0.0,1.0,0.0,0
-0.43681233871608494,-1.0522813964615434,-1.033383053186452,0.3818237903362353,0.41453312151208005,0.0,1.0,1.0,0.0,1.0,0.0,0.0,0.0,1.0,0.0,0.0,1.0,0.0,0.0,1.0,1
-0.8529477135373019,-1.0522813964615434,-1.2095867319978744,-2.6633287974230186,0.41453312151208005,0.0,1.0,1.0,0.0,0.0,1.0,0.0,0.0,1.0,0.0,1.0,0.0,1.0,0.0,0.0,0
0.3111892985510127,0.9503161448664326,0.9803732760869438,0.3818237903362353,0.41453312151208005,0.0,1.0,0.0,1.0,1.0,0.0,0.0,0.0,1.0,0.0,1.0,0.0,0.0,0.0,1.0,1
1.9471880339668148,0.9503161448664326,2.7172381100852476,-0.942155595646049,-2.412352471021688,0.0,1.0,0.0,1.0,1.0,0.0,0.0,0.0,0.0,1.0,1.0,0.0,0.0,1.0,0.0,0
-0.2897944518031999,0.9503161448664326,-0.4628187598923233,-0.942155595646049,0.41453312151208005,1.0,0.0,1.0,0.0,0.0,0.0,1.0,0.0,1.0,0.0,1.0,0.0,0.0,0.0,1.0,1
-0.4191430087019015,-1.0522813964615434,-0.6558037414476904,-1.6041452886371912,0.41453312151208005,0.0,1.0,0.0,1.0,0.0,0.0,1.0,0.0,1.0,0.0,1.0,0.0,0.0,1.0,0.0,1
-0.03245651723765693,-1.0522813964615434,0.11613618477377802,-0.942155595646049,0.41453312151208005,1.0,0.0,0.0,1.0,1.0,0.0,0.0,0.0,1.0,0.0,1.0,0.0,0.0,1.0,0.0,1
0.6833778782087478,-1.0522813964615434,-0.25305247559301125,0.3818237903362353,0.41453312151208005,0.0,1.0,0.0,1.0,1.0,0.0,0.0,0.0,0.0,1.0,1.0,0.0,0.0,0.0,1.0,0
0.8598446484786052,0.9503161448664326,0.896466762367219,0.3818237903362353,0.41453312151208005,0.0,1.0,1.0,0.0,1.0,0.0,0.0,0.0,1.0,0.0,1.0,0.0,0.0,0.0,1.0,0
-0.13983167655461765,0.9503161448664326,0.5440594047443746,0.3818237903362353,-2.412352471021688,0.0,1.0,0.0,1.0,0.0,0.0,1.0,0.0,1.0,0.0,1.0,0.0,0.0,1.0,0.0,1
0.22125693937625868,-1.0522813964615434,-0.387302897544571,0.3818237903362353,0.41453312151208005,0.0,1.0,0.0,1.0,1.0,0.0,0.0,0.0,1.0,0.0,1.0,0.0,1.0,0.0,0.0,1
-0.9854676886436774,0.9503161448664326,-0.19431791598920387,0.3818237903362353,-2.412352471021688,0.0,1.0,0.0,1.0,0.0,0.0,1.0,0.0,1.0,0.0,1.0,0.0,1.0,0.0,0.0,1
-0.737870538573133,0.9503161448664326,-0.11880205364145151,0.3818237903362353,0.41453312151208005,0.0,1.0,0.0,1.0,0.0,1.0,0.0,0.0,1.0,0.0,1.0,0.0,0.0,1.0,0.0,1
0.8242794585782617,0.9503161448664326,0.06579227654194313,0.3818237903362353,0.41453312151208005,1.0,0.0,0.0,1.0,1.0,0.0,0.0,0.0,1.0,0.0,0.0,1.0,0.0,1.0,0.0,1
-0.9410678337362423,-1.0522813964615434,-1.0837269614182872,0.3818237903362353,0.41453312151208005,0.0,1.0,0.0,1.0,1.0,0.0,0.0,0.0,1.0,0.0,1.0,0.0,0.0,0.0,1.0,0
-0.3425759119737734,0.9503161448664326,0.09096423065786058,0.3818237903362353,0.41453312151208005,1.0,0.0,0.0,1.0,0.0,0.0,1.0,0.0,1.0,0.0,1.0,0.0,0.0,1.0,0.0,1
0.27879552685834313,0.9503161448664326,-0.00133293443383674,0.3818237903362353,0.41453312151208005,0.0,1.0,0.0,1.0,0.0,1.0,0.0,0.0,1.0,0.0,0.0,1.0,0.0,1.0,0.0,1
-1.0396083280461113,0.9503161448664326,-0.19431791598920387,0.3818237903362353,0.41453312151208005,0.0,1.0,0.0,1.0,0.0,0.0,1.0,0.0,1.0,0.0,1.0,0.0,0.0,0.0,1.0,1
0.2131018639850971,-1.0522813964615434,0.24199595535336527,0.3818237903362353,-2.412352471021688,0.0,1.0,0.0,1.0,1.0,0.0,0.0,0.0,1.0,0.0,0.0,1.0,0.0,0.0,1.0,0
-0.5770343294696686,-1.0522813964615434,-0.7397102551674153,0.3818237903362353,0.41453312151208005,0.0,1.0,1.0,0.0,1.0,0.0,0.0,0.0,1.0,0.0,1.0,0.0,1.0,0.0,0.0,1
0.5680741733726022,-1.0522813964615434,-0.17753661324525888,0.3818237903362353,0.41453312151208005,1.0,0.0,0.0,1.0,1.0,0.0,0.0,0.0,1.0,0.0,1.0,0.0,0.0,0.0,1.0,1
-0.8110396872216105,-1.0522813964615434,-1.184414777881957,-0.2801659026549069,0.41453312151208005,0.0,1.0,0.0,1.0,1.0,0.0,0.0,0.0,0.0,1.0,0.0,1.0,0.0,0.0,1.0,1
-0.9424270129681025,-1.0522813964615434,-1.0837269614182872,0.3818237903362353,-2.412352471021688,1.0,0.0,0.0,1.0,0.0,0.0,1.0,0.0,1.0,0.0,1.0,0.0,0.0,1.0,0.0,1
1.2655596491888934,0.9503161448664326,0.6615285239519895,0.3818237903362353,0.41453312151208005,0.0,1.0,1.0,0.0,0.0,0.0,1.0,0.0,1.0,0.0,1.0,0.0,1.0,0.0,0.0,1
-0.499334583381657,0.9503161448664326,-0.4544281085203508,0.3818237903362353,0.41453312151208005,0.0,1.0,1.0,0.0,1.0,0.0,0.0,0.0,1.0,0.0,1.0,0.0,0.0,1.0,0.0,1
-0.5324079446902568,-1.0522813964615434,-1.1005082641622321,0.3818237903362353,0.41453312151208005,0.0,1.0,1.0,0.0,0.0,0.0,1.0,0.0,1.0,0.0,1.0,0.0,0.0,1.0,0.0,1
-0.521987570579328,0.9503161448664326,0.4433715882807049,0.3818237903362353,0.41453312151208005,1.0,0.0,0.0,1.0,0.0,1.0,0.0,0.0,1.0,0.0,1.0,0.0,0.0,1.0,0.0,1
0.4047461356773941,0.9503161448664326,0.7957789459035491,0.3818237903362353,-2.412352471021688,0.0,1.0,0.0,1.0,1.0,0.0,0.0,0.0,0.0,1.0,1.0,0.0,1.0,0.0,0.0,0
-1.0253369461115784,-1.0522813964615434,-1.3186651998335166,0.3818237903362353,0.41453312151208005,0.0,1.0,0.0,1.0,0.0,1.0,0.0,0.0,1.0,0.0,0.0,1.0,0.0,1.0,0.0,1
3.4450035474768237,0.9503161448664326,1.9704701379796967,-2.6633287974230186,0.41453312151208005,0.0,1.0,0.0,1.0,1.0,0.0,0.0,0.0,0.0,1.0,1.0,0.0,0.0,1.0,0.0,0
1.9152473220180986,-1.0522813964615434,2.289314890114651,0.3818237903362353,0.41453312151208005,0.0,1.0,1.0,0.0,0.0,0.0,0.0,1.0,1.0,0.0,1.0,0.0,0.0,0.0,1.0,0
1.1359845624182152,0.9503161448664326,1.3747338905696505,0.3818237903362353,0.41453312151208005,0.0,1.0,0.0,1.0,0.0,0.0,0.0,1.0,0.0,1.0,1.0,0.0,0.0,0.0,1.0,1
-0.9120720101232233,-1.0522813964615434,-1.2851025943456267,-2.6633287974230186,0.41453312151208005,0.0,1.0,1.0,0.0,0.0,0.0,1.0,0.0,1.0,0.0,1.0,0.0,0.0,0.0,1.0,1
-0.5552874617599044,-1.0522813964615434,-0.6893663469355804,0.3818237903362353,0.41453312151208005,0.0,1.0,0.0,1.0,1.0,0.0,0.0,0.0,1.0,0.0,1.0,0.0,0.0,0.0,1.0,1
0.3333892260047303,-1.0522813964615434,-0.5635065763559931,0.3818237903362353,0.41453312151208005,0.0,1.0,0.0,1.0,1.0,0.0,0.0,0.0,0.0,1.0,1.0,0.0,0.0,1.0,0.0,1
-0.917055667306711,-1.0522813964615434,-1.3018838970895716,0.3818237903362353,0.41453312151208005,0.0,1.0,1.0,0.0,0.0,1.0,0.0,0.0,1.0,0.0,0.0,1.0,0.0,0.0,1.0,1
-0.6261913116886147,-1.0522813964615434,-0.7648822092833327,0.3818237903362353,0.41453312151208005,0.0,1.0,0.0,1.0,1.0,0.0,0.0,0.0,0.0,1.0,0.0,1.0,0.0,0.0,1.0,1
-0.2859434439795958,-1.0522813964615434,-0.2194898701051213,-0.942155595646049,0.41453312151208005,0.0,1.0,1.0,0.0,1.0,0.0,0.0,0.0,0.0,1.0,1.0,0.0,0.0,0.0,1.0,1
-0.29704340770645465,-1.0522813964615434,-0.19431791598920387,0.3818237903362353,0.41453312151208005,0.0,1.0,0.0,1.0,0.0,1.0,0.0,0.0,1.0,0.0,1.0,0.0,1.0,0.0,0.0,1
0.05611666270523682,0.9503161448664326,-0.28661508108090117,1.7058031763185197,0.41453312151208005,1.0,0.0,0.0,1.0,1.0,0.0,0.0,0.0,1.0,0.0,1.0,0.0,0.0,0.0,1.0,1
-0.8765068202228797,-1.0522813964615434,-1.2431493374857643,0.3818237903362353,0.41453312151208005,0.0,1.0,1.0,0.0,1.0,0.0,0.0,0.0,0.0,1.0,1.0,0.0,1.0,0.0,0.0,1
-0.5430548486731621,-1.0522813964615434,-0.597069181843883,0.3818237903362353,-2.412352471021688,1.0,0.0,0.0,1.0,0.0,0.0,1.0,0.0,1.0,0.0,0.0,1.0,0.0,1.0,0.0,0
-0.7834030428404518,-1.0522813964615434,-1.117289566906177,-3.457716429012389,0.41453312151208005,0.0,1.0,1.0,0.0,0.0,0.0,0.0,1.0,1.0,0.0,1.0,0.0,1.0,0.0,0.0,0
0.7921122167575688,0.9503161448664326,1.173358257642311,0.3818237903362353,0.41453312151208005,0.0,1.0,0.0,1.0,1.0,0.0,0.0,0.0,1.0,0.0,1.0,0.0,1.0,0.0,0.0,1
1.724962229557662,-1.0522813964615434,0.35107442318900756,-0.942155595646049,0.41453312151208005,1.0,0.0,1.0,0.0,1.0,0.0,0.0,0.0,1.0,0.0,1.0,0.0,0.0,1.0,0.0,1
-0.6889400862261635,0.9503161448664326,-0.3789122461725985,0.3818237903362353,0.41453312151208005,0.0,1.0,0.0,1.0,1.0,0.0,0.0,0.0,1.0,0.0,1.0,0.0,0.0,0.0,1.0,0
1.3428063355329516,0.9503161448664326,0.9803732760869438,-1.6041452886371912,0.41453312151208005,0.0,1.0,0.0,1.0,1.0,0.0,0.0,0.0,1.0,0.0,1.0,0.0,0.0,0.0,1.0,1
0.4597928945677347,-1.0522813964615434,0.49371549651253976,0.3818237903362353,0.41453312151208005,0.0,1.0,0.0,1.0,0.0,0.0,0.0,1.0,0.0,1.0,1.0,0.0,0.0,0.0,1.0,0
-0.20144780173228286,0.9503161448664326,0.007057716938135743,0.3818237903362353,-2.412352471021688,0.0,1.0,0.0,1.0,0.0,0.0,1.0,0.0,0.0,1.0,1.0,0.0,1.0,0.0,0.0,1
-0.2651026957577385,0.9503161448664326,-0.00133293443383674,-2.9281246746194753,0.41453312151208005,0.0,1.0,0.0,1.0,1.0,0.0,0.0,0.0,1.0,0.0,0.0,1.0,1.0,0.0,0.0,1
-0.4540286089863149,0.9503161448664326,-0.44603745714837834,0.3818237903362353,0.41453312151208005,0.0,1.0,0.0,1.0,0.0,0.0,1.0,0.0,1.0,0.0,0.0,1.0,1.0,0.0,0.0,1
-0.7693581907778958,0.9503161448664326,-0.5215533194961307,0.3818237903362353,-2.412352471021688,0.0,1.0,0.0,1.0,1.0,0.0,0.0,0.0,1.0,0.0,1.0,0.0,0.0,1.0,0.0,1
1.509079261563857,-1.0522813964615434,1.67679733996066,0.3818237903362353,0.41453312151208005,0.0,1.0,0.0,1.0,1.0,0.0,0.0,0.0,1.0,0.0,1.0,0.0,0.0,1.0,0.0,1
1.2959146520337725,0.9503161448664326,2.2977055414866236,0.3818237903362353,0.41453312151208005,0.0,1.0,0.0,1.0,0.0,0.0,1.0,0.0,1.0,0.0,1.0,0.0,0.0,0.0,1.0,0
1.2644269998290099,-1.0522813964615434,0.5692313588602921,-2.6633287974230186,0.41453312151208005,1.0,0.0,0.0,1.0,0.0,0.0,1.0,0.0,0.0,1.0,1.0,0.0,0.0,1.0,0.0,1
-0.7979009546469612,0.9503161448664326,-0.3201776865687911,-0.2801659026549069,0.41453312151208005,0.0,1.0,1.0,0.0,1.0,0.0,0.0,0.0,0.0,1.0,1.0,0.0,1.0,0.0,0.0,1
1.4094061178941046,-1.0522813964615434,1.8446103674001095,0.3818237903362353,0.41453312151208005,1.0,0.0,1.0,0.0,0.0,0.0,0.0,1.0,1.0,0.0,1.0,0.0,0.0,0.0,1.0,0
-0.47418976759224213,-1.0522813964615434,-0.4628187598923233,0.3818237903362353,0.41453312151208005,0.0,1.0,0.0,1.0,0.0,0.0,1.0,0.0,0.0,1.0,1.0,0.0,0.0,1.0,0.0,1
-0.550983394192347,0.9503161448664326,-0.12719270501342397,-1.6041452886371912,0.41453312151208005,0.0,1.0,0.0,1.0,0.0,0.0,1.0,0.0,1.0,0.0,1.0,0.0,0.0,0.0,1.0,1
-0.9707432469651912,-1.0522813964615434,-1.327055851205489,0.3818237903362353,0.41453312151208005,1.0,0.0,1.0,0.0,1.0,0.0,0.0,0.0,0.0,1.0,1.0,0.0,0.0,0.0,1.0,1
-0.4275246139650398,-1.0522813964615434,-0.7648822092833327,-2.2661349816283334,0.41453312151208005,0.0,1.0,0.0,1.0,0.0,0.0,1.0,0.0,1.0,0.0,1.0,0.0,0.0,1.0,0.0,1
0.46568267123912915,-1.0522813964615434,-0.4628187598923233,1.7058031763185197,0.41453312151208005,0.0,1.0,0.0,1.0,1.0,0.0,0.0,0.0,1.0,0.0,1.0,0.0,0.0,0.0,1.0,0
0.48742953894889335,0.9503161448664326,1.173358257642311,-2.9281246746194753,0.41453312151208005,0.0,1.0,1.0,0.0,0.0,0.0,1.0,0.0,1.0,0.0,1.0,0.0,0.0,1.0,0.0,0
1.0098074237271875,-1.0522813964615434,-0.14397400775736896,0.3818237903362353,0.41453312151208005,0.0,1.0,0.0,1.0,0.0,1.0,0.0,0.0,1.0,0.0,1.0,0.0,0.0,1.0,0.0,1
-0.7439868451165041,0.9503161448664326,0.13291748751772298,0.3818237903362353,0.41453312151208005,0.0,1.0,1.0,0.0,0.0,0.0,1.0,0.0,1.0,0.0,1.0,0.0,0.0,1.0,0.0,1
0.5191437210256328,-1.0522813964615434,-0.2194898701051213,0.3818237903362353,0.41453312151208005,0.0,1.0,0.0,1.0,1.0,0.0,0.0,0.0,0.0,1.0,1.0,0.0,0.0,1.0,0.0,0
-0.9927166445469322,-1.0522813964615434,-1.3690091080653515,-0.942155595646049,0.41453312151208005,0.0,1.0,1.0,0.0,1.0,0.0,0.0,0.0,0.0,1.0,1.0,0.0,0.0,1.0,0.0,1
-0.8518150641774184,0.9503161448664326,-0.4712094112642958,0.3818237903362353,0.41453312151208005,0.0,1.0,0.0,1.0,0.0,1.0,0.0,0.0,1.0,0.0,1.0,0.0,1.0,0.0,0.0,1
-0.6030852647469903,-1.0522813964615434,-0.7061476496795254,0.3818237903362353,0.41453312151208005,0.0,1.0,1.0,0.0,1.0,0.0,0.0,0.0,0.0,1.0,0.0,1.0,1.0,0.0,0.0,1
-0.6592646729972145,0.9503161448664326,-0.6641943928196629,0.3818237903362353,-2.412352471021688,0.0,1.0,0.0,1.0,0.0,1.0,0.0,0.0,1.0,0.0,1.0,0.0,0.0,0.0,1.0,0
1.8203313056598571,-1.0522813964615434,1.6851879913326324,0.3818237903362353,0.41453312151208005,0.0,1.0,1.0,0.0,1.0,0.0,0.0,0.0,0.0,1.0,1.0,0.0,0.0,0.0,1.0,1
-0.6454463508066351,0.9503161448664326,-0.16075531050131392,-2.2661349816283334,0.41453312151208005,0.0,1.0,0.0,1.0,1.0,0.0,0.0,0.0,1.0,0.0,1.0,0.0,0.0,1.0,0.0,1
0.010584158437918037,0.9503161448664326,0.09096423065786058,0.3818237903362353,0.41453312151208005,0.0,1.0,1.0,0.0,0.0,1.0,0.0,0.0,1.0,0.0,1.0,0.0,1.0,0.0,0.0,0
-0.6311749688721024,-1.0522813964615434,-1.184414777881957,0.3818237903362353,0.41453312151208005,1.0,0.0,0.0,1.0,1.0,0.0,0.0,0.0,0.0,1.0,1.0,0.0,0.0,1.0,0.0,1
-0.9184148465385712,0.9503161448664326,-0.4124748516604884,0.3818237903362353,-2.412352471021688,0.0,1.0,0.0,1.0,1.0,0.0,0.0,0.0,1.0,0.0,1.0,0.0,0.0,1.0,0.0,1
-0.952167797463101,-1.0522813964615434,-1.1760241265099844,-2.9281246746194753,0.41453312151208005,0.0,1.0,1.0,0.0,1.0,0.0,0.0,0.0,1.0,0.0,1.0,0.0,0.0,1.0,0.0,1
-0.6864482576344197,0.9503161448664326,0.2755585608412552,0.3818237903362353,0.41453312151208005,1.0,0.0,1.0,0.0,1.0,0.0,0.0,0.0,0.0,1.0,1.0,0.0,1.0,0.0,0.0,1
-1.03349202150274,-1.0522813964615434,-1.2179773833698468,0.3818237903362353,0.41453312151208005,0.0,1.0,1.0,0.0,0.0,1.0,0.0,0.0,1.0,0.0,1.0,0.0,0.0,1.0,0.0,1
-0.3441616210776104,0.9503161448664326,-0.4879907140082408,0.3818237903362353,0.41453312151208005,0.0,1.0,1.0,0.0,1.0,0.0,0.0,0.0,1.0,0.0,1.0,0.0,0.0,0.0,1.0,0
-1.006081906993558,0.9503161448664326,-0.5635065763559931,0.3818237903362353,0.41453312151208005,0.0,1.0,0.0,1.0,1.0,0.0,0.0,0.0,1.0,0.0,1.0,0.0,1.0,0.0,0.0,0
-0.9675718287575173,0.9503161448664326,-0.9075232826068649,0.3818237903362353,-2.412352471021688,0.0,1.0,1.0,0.0,1.0,0.0,0.0,0.0,1.0,0.0,1.0,0.0,1.0,0.0,0.0,1
5.622182147044987,-1.0522813964615434,2.6417222477374955,0.3818237903362353,0.41453312151208005,0.0,1.0,0.0,1.0,0.0,1.0,0.0,0.0,0.0,1.0,1.0,0.0,1.0,0.0,0.0,1
-0.9394821246324052,0.9503161448664326,-0.6306317873317729,0.3818237903362353,0.41453312151208005,0.0,1.0,1.0,0.0,1.0,0.0,0.0,0.0,1.0,0.0,1.0,0.0,1.0,0.0,0.0,0
-0.3004413557861053,0.9503161448664326,-0.5718972277279656,-1.6041452886371912,0.41453312151208005,0.0,1.0,0.0,1.0,1.0,0.0,0.0,0.0,1.0,0.0,1.0,0.0,0.0,0.0,1.0,1
-0.7267705748462742,-1.0522813964615434,-0.9914297963265898,0.3818237903362353,0.41453312151208005,0.0,1.0,1.0,0.0,0.0,1.0,0.0,0.0,1.0,0.0,1.0,0.0,1.0,0.0,0.0,1
0.7878081491900113,0.9503161448664326,0.9384200192270814,-1.6041452886371912,0.41453312151208005,1.0,0.0,0.0,1.0,0.0,0.0,1.0,0.0,0.0,1.0,1.0,0.0,0.0,0.0,1.0,1
0.2085712665455629,-1.0522813964615434,0.3846370286768975,-2.9281246746194753,0.41453312151208005,0.0,1.0,0.0,1.0,0.0,1.0,0.0,0.0,1.0,0.0,1.0,0.0,0.0,0.0,1.0,1
-0.953753506566938,0.9503161448664326,-0.12719270501342397,0.3818237903362353,0.41453312151208005,1.0,0.0,1.0,0.0,1.0,0.0,0.0,0.0,1.0,0.0,1.0,0.0,0.0,0.0,1.0,1
-0.9777656729964693,-1.0522813964615434,-1.1592428237660395,0.3818237903362353,0.41453312151208005,1.0,0.0,1.0,0.0,1.0,0.0,0.0,0.0,0.0,1.0,0.0,1.0,1.0,0.0,0.0,0
-0.7713969596256861,0.9503161448664326,-0.5635065763559931,0.3818237903362353,0.41453312151208005,0.0,1.0,0.0,1.0,0.0,0.0,1.0,0.0,1.0,0.0,1.0,0.0,0.0,1.0,0.0,1
-0.8031111417024256,-1.0522813964615434,-0.9159139339788374,0.3818237903362353,0.41453312151208005,0.0,1.0,0.0,1.0,1.0,0.0,0.0,0.0,1.0,0.0,1.0,0.0,0.0,0.0,1.0,1
-0.6243790727128011,0.9503161448664326,-0.5131626681241582,0.3818237903362353,0.41453312151208005,0.0,1.0,1.0,0.0,0.0,1.0,0.0,0.0,0.0,1.0,0.0,1.0,0.0,0.0,1.0,1
-0.9603228728542625,0.9503161448664326,-0.32856833794076357,0.3818237903362353,0.41453312151208005,0.0,1.0,0.0,1.0,1.0,0.0,0.0,0.0,1.0,0.0,1.0,0.0,1.0,0.0,0.0,1
1.4578835104971206,0.9503161448664326,2.7256287614572203,0.3818237903362353,-2.412352471021688,0.0,1.0,1.0,0.0,1.0,0.0,0.0,0.0,1.0,0.0,1.0,0.0,0.0,1.0,0.0,0
1.165886505519141,-1.0522813964615434,0.3426837718170351,0.3818237903362353,0.41453312151208005,0.0,1.0,0.0,1.0,0.0,1.0,0.0,0.0,0.0,1.0,1.0,0.0,0.0,1.0,0.0,0
-0.7322072917737152,0.9503161448664326,-0.2698337783369562,0.3818237903362353,0.41453312151208005,0.0,1.0,0.0,1.0,1.0,0.0,0.0,0.0,1.0,0.0,1.0,0.0,1.0,0.0,0.0,0
-0.29930870642622176,0.9503161448664326,0.4349809369087324,0.3818237903362353,0.41453312151208005,0.0,1.0,0.0,1.0,1.0,0.0,0.0,0.0,1.0,0.0,1.0,0.0,0.0,0.0,1.0,0
-0.8273498380039336,0.9503161448664326,-0.051676842665671636,0.3818237903362353,0.41453312151208005,0.0,1.0,0.0,1.0,0.0,0.0,0.0,1.0,1.0,0.0,1.0,0.0,1.0,0.0,0.0,1
-0.3398575535100529,0.9503161448664326,0.24199595535336527,0.3818237903362353,0.41453312151208005,0.0,1.0,1.0,0.0,0.0,1.0,0.0,0.0,1.0,0.0,1.0,0.0,1.0,0.0,0.0,1
-0.7951825961832407,-1.0522813964615434,-1.0921176127902597,0.3818237903362353,0.41453312151208005,0.0,1.0,1.0,0.0,1.0,0.0,0.0,0.0,0.0,1.0,0.0,1.0,1.0,0.0,0.0,1
0.7622102736566431,-1.0522813964615434,0.35946507456098004,0.3818237903362353,0.41453312151208005,0.0,1.0,0.0,1.0,0.0,0.0,1.0,0.0,1.0,0.0,1.0,0.0,0.0,1.0,0.0,1
-1.006081906993558,-1.0522813964615434,-1.1424615210220945,0.3818237903362353,0.41453312151208005,0.0,1.0,1.0,0.0,0.0,0.0,1.0,0.0,1.0,0.0,1.0,0.0,0.0,1.0,0.0,1
-0.7095543045760442,0.9503161448664326,-0.6725850441916353,-0.942155595646049,0.41453312151208005,0.0,1.0,1.0,0.0,1.0,0.0,0.0,0.0,1.0,0.0,1.0,0.0,0.0,0.0,1.0,1
-0.5099814873645624,0.9503161448664326,0.4853248451405673,0.3818237903362353,0.41453312151208005,0.0,1.0,0.0,1.0,0.0,1.0,0.0,0.0,1.0,0.0,1.0,0.0,1.0,0.0,0.0,1
0.19384682486707672,-1.0522813964615434,-0.370521594800626,0.3818237903362353,0.41453312151208005,0.0,1.0,0.0,1.0,1.0,0.0,0.0,0.0,1.0,0.0,1.0,0.0,0.0,1.0,0.0,1
-0.176302985942868,-1.0522813964615434,-0.8236167688871401,-2.6633287974230186,0.41453312151208005,0.0,1.0,0.0,1.0,0.0,1.0,0.0,0.0,1.0,0.0,0.0,1.0,0.0,0.0,1.0,1
-0.737870538573133,-1.0522813964615434,-0.7732728606553052,0.3818237903362353,0.41453312151208005,0.0,1.0,0.0,1.0,1.0,0.0,0.0,0.0,1.0,0.0,1.0,0.0,1.0,0.0,0.0,1
0.29918321533624703,-1.0522813964615434,-0.4124748516604884,0.3818237903362353,0.41453312151208005,0.0,1.0,0.0,1.0,1.0,0.0,0.0,0.0,1.0,0.0,1.0,0.0,0.0,1.0,0.0,1
-0.8069621495260296,0.9503161448664326,-0.3117870351968186,0.3818237903362353,0.41453312151208005,0.0,1.0,0.0,1.0,0.0,0.0,0.0,1.0,1.0,0.0,1.0,0.0,0.0,0.0,1.0,1
2.118218087309231,-1.0522813964615434,1.156576954898366,0.3818237903362353,0.41453312151208005,0.0,1.0,0.0,1.0,1.0,0.0,0.0,0.0,1.0,0.0,1.0,0.0,0.0,0.0,1.0,1
-0.7992601338788216,0.9503161448664326,-0.018114237177781708,0.3818237903362353,0.41453312151208005,0.0,1.0,0.0,1.0,0.0,0.0,1.0,0.0,1.0,0.0,1.0,0.0,1.0,0.0,0.0,1
-0.876280290350903,-1.0522813964615434,-0.9578671908386999,0.3818237903362353,0.41453312151208005,0.0,1.0,1.0,0.0,1.0,0.0,0.0,0.0,1.0,0.0,1.0,0.0,1.0,0.0,0.0,1
-1.0502552320290166,-1.0522813964615434,-1.3690091080653515,0.3818237903362353,0.41453312151208005,0.0,1.0,0.0,1.0,0.0,1.0,0.0,0.0,1.0,0.0,1.0,0.0,0.0,1.0,0.0,1
-1.0416470968939016,0.9503161448664326,-0.17753661324525888,0.3818237903362353,0.41453312151208005,0.0,1.0,0.0,1.0,1.0,0.0,0.0,0.0,0.0,1.0,1.0,0.0,0.0,1.0,0.0,1
1.078219445064154,0.9503161448664326,1.0307171843187788,1.7058031763185197,-2.412352471021688,0.0,1.0,1.0,0.0,1.0,0.0,0.0,0.0,1.0,0.0,1.0,0.0,0.0,0.0,1.0,1
1.0138849614227683,-1.0522813964615434,0.7454350376717143,0.3818237903362353,0.41453312151208005,0.0,1.0,0.0,1.0,1.0,0.0,0.0,0.0,1.0,0.0,0.0,1.0,0.0,0.0,1.0,1
-0.8185151729968418,-1.0522813964615434,-0.873960677118975,0.3818237903362353,0.41453312151208005,0.0,1.0,1.0,0.0,0.0,0.0,0.0,1.0,1.0,0.0,1.0,0.0,0.0,1.0,0.0,1
-0.48732850016689133,-1.0522813964615434,-0.613850484587828,0.3818237903362353,0.41453312151208005,0.0,1.0,1.0,0.0,1.0,0.0,0.0,0.0,0.0,1.0,1.0,0.0,0.0,1.0,0.0,1
3.0431395545901396,-1.0522813964615434,3.6989443206060284,-0.942155595646049,0.41453312151208005,0.0,1.0,0.0,1.0,1.0,0.0,0.0,0.0,1.0,0.0,1.0,0.0,0.0,1.0,0.0,1
0.13358987892127178,0.9503161448664326,0.5944033129762095,0.3818237903362353,-2.412352471021688,0.0,1.0,1.0,0.0,0.0,1.0,0.0,0.0,1.0,0.0,1.0,0.0,0.0,0.0,1.0,0
0.7975489336850099,-1.0522813964615434,0.6615285239519895,-2.6633287974230186,0.41453312151208005,1.0,0.0,0.0,1.0,0.0,0.0,1.0,0.0,1.0,0.0,1.0,0.0,0.0,0.0,1.0,1
-0.696415572001395,0.9503161448664326,-0.36213094342865354,0.3818237903362353,0.41453312151208005,0.0,1.0,1.0,0.0,1.0,0.0,0.0,0.0,0.0,1.0,1.0,0.0,1.0,0.0,0.0,1
6.657423661978553,0.9503161448664326,4.2695086139001575,0.3818237903362353,0.41453312151208005,0.0,1.0,0.0,1.0,1.0,0.0,0.0,0.0,1.0,0.0,0.0,1.0,1.0,0.0,0.0,1
-0.2499251943352989,0.9503161448664326,0.5608407074883196,0.3818237903362353,0.41453312151208005,0.0,1.0,1.0,0.0,0.0,1.0,0.0,0.0,1.0,0.0,1.0,0.0,0.0,0.0,1.0,1
-0.11944398807671372,0.9503161448664326,0.2587772580973102,1.7058031763185197,0.41453312151208005,1.0,0.0,1.0,0.0,0.0,0.0,0.0,1.0,1.0,0.0,1.0,0.0,0.0,0.0,1.0,1
-0.1824192924862392,-1.0522813964615434,-0.5718972277279656,0.3818237903362353,0.41453312151208005,1.0,0.0,0.0,1.0,0.0,1.0,0.0,0.0,1.0,0.0,0.0,1.0,0.0,0.0,1.0,1
0.09485327081325429,0.9503161448664326,0.35946507456098004,0.3818237903362353,0.41453312151208005,0.0,1.0,0.0,1.0,1.0,0.0,0.0,0.0,1.0,0.0,1.0,0.0,0.0,0.0,1.0,0
-0.9845615691557706,0.9503161448664326,-0.12719270501342397,0.3818237903362353,0.41453312151208005,0.0,1.0,0.0,1.0,1.0,0.0,0.0,0.0,1.0,0.0,1.0,0.0,0.0,0.0,1.0,0
-0.9732350755569351,-1.0522813964615434,-1.0837269614182872,-1.6041452886371912,0.41453312151208005,0.0,1.0,0.0,1.0,1.0,0.0,0.0,0.0,1.0,0.0,1.0,0.0,1.0,0.0,0.0,1
-1.0488960527971563,0.9503161448664326,-0.840398071631085,0.3818237903362353,-2.412352471021688,0.0,1.0,0.0,1.0,0.0,0.0,1.0,0.0,1.0,0.0,1.0,0.0,1.0,0.0,0.0,1
-0.45697349732201215,0.9503161448664326,-0.43764680577640586,0.3818237903362353,0.41453312151208005,0.0,1.0,1.0,0.0,0.0,0.0,1.0,0.0,0.0,1.0,0.0,1.0,1.0,0.0,0.0,0
1.6495277821894174,-1.0522813964615434,0.7622163404156592,0.3818237903362353,0.41453312151208005,0.0,1.0,0.0,1.0,0.0,0.0,1.0,0.0,0.0,1.0,0.0,1.0,0.0,1.0,0.0,1
-0.9682514183734474,0.9503161448664326,-0.6306317873317729,0.3818237903362353,0.41453312151208005,1.0,0.0,0.0,1.0,1.0,0.0,0.0,0.0,1.0,0.0,1.0,0.0,0.0,0.0,1.0,1
0.5619578668292311,-1.0522813964615434,-0.5047720167521857,0.3818237903362353,0.41453312151208005,0.0,1.0,0.0,1.0,0.0,0.0,1.0,0.0,1.0,0.0,0.0,1.0,1.0,0.0,0.0,1
-1.0407409774059948,0.9503161448664326,-0.4879907140082408,0.3818237903362353,-2.412352471021688,0.0,1.0,0.0,1.0,1.0,0.0,0.0,0.0,1.0,0.0,1.0,0.0,0.0,1.0,0.0,0
0.9101342800574349,0.9503161448664326,0.2336053039813928,0.3818237903362353,-2.412352471021688,0.0,1.0,1.0,0.0,1.0,0.0,0.0,0.0,1.0,0.0,1.0,0.0,1.0,0.0,0.0,1
0.23983238887834893,0.9503161448664326,1.4502497529174028,0.3818237903362353,-2.412352471021688,0.0,1.0,0.0,1.0,0.0,0.0,1.0,0.0,1.0,0.0,0.0,1.0,1.0,0.0,0.0,1
0.185012159859985,-1.0522813964615434,0.06579227654194313,0.3818237903362353,0.41453312151208005,0.0,1.0,1.0,0.0,0.0,0.0,0.0,1.0,1.0,0.0,1.0,0.0,1.0,0.0,0.0,0
-0.8604231993125333,0.9503161448664326,-0.5635065763559931,0.3818237903362353,-2.412352471021688,1.0,0.0,0.0,1.0,1.0,0.0,0.0,0.0,1.0,0.0,1.0,0.0,0.0,1.0,0.0,1
-0.3552615848044692,0.9503161448664326,-0.051676842665671636,0.3818237903362353,0.41453312151208005,1.0,0.0,0.0,1.0,0.0,1.0,0.0,0.0,1.0,0.0,0.0,1.0,0.0,0.0,1.0,1
-0.21639877328274576,0.9503161448664326,0.10774553340180554,0.3818237903362353,0.41453312151208005,0.0,1.0,0.0,1.0,1.0,0.0,0.0,0.0,1.0,0.0,1.0,0.0,0.0,1.0,0.0,0
-0.459465325913756,0.9503161448664326,-0.018114237177781708,0.3818237903362353,0.41453312151208005,0.0,1.0,0.0,1.0,0.0,0.0,1.0,0.0,0.0,1.0,1.0,0.0,0.0,0.0,1.0,1
-0.643181052086868,-1.0522813964615434,-1.0249924018144796,0.3818237903362353,-2.412352471021688,1.0,0.0,0.0,1.0,0.0,1.0,0.0,0.0,0.0,1.0,1.0,0.0,1.0,0.0,0.0,0
-1.0353042604785536,-1.0522813964615434,-1.2011960806259019,0.3818237903362353,0.41453312151208005,0.0,1.0,1.0,0.0,1.0,0.0,0.0,0.0,0.0,1.0,0.0,1.0,0.0,1.0,0.0,1
-0.822366180820446,-1.0522813964615434,-1.0585550073023695,0.3818237903362353,0.41453312151208005,1.0,0.0,1.0,0.0,1.0,0.0,0.0,0.0,0.0,1.0,1.0,0.0,0.0,0.0,1.0,1
1.6542849095009284,0.9503161448664326,3.0444735135921746,0.3818237903362353,-2.412352471021688,0.0,1.0,0.0,1.0,1.0,0.0,0.0,0.0,1.0,0.0,1.0,0.0,0.0,1.0,0.0,0
0.939809693286384,-1.0522813964615434,0.49371549651253976,0.3818237903362353,-2.412352471021688,0.0,1.0,1.0,0.0,0.0,1.0,0.0,0.0,1.0,0.0,1.0,0.0,0.0,0.0,1.0,0
-0.4073634553591126,-1.0522813964615434,-0.9326952367227823,0.3818237903362353,0.41453312151208005,0.0,1.0,0.0,1.0,1.0,0.0,0.0,0.0,1.0,0.0,1.0,0.0,0.0,1.0,0.0,1
-0.38629617726527854,0.9503161448664326,-0.5635065763559931,0.3818237903362353,0.41453312151208005,0.0,1.0,0.0,1.0,1.0,0.0,0.0,0.0,1.0,0.0,1.0,0.0,1.0,0.0,0.0,1
0.07944923951883799,-1.0522813964615434,-0.14397400775736896,0.3818237903362353,-2.412352471021688,0.0,1.0,0.0,1.0,0.0,0.0,1.0,0.0,1.0,0.0,1.0,0.0,0.0,0.0,1.0,0
-0.2657822853736686,0.9503161448664326,0.12452683614575051,-1.6041452886371912,0.41453312151208005,0.0,1.0,0.0,1.0,0.0,1.0,0.0,0.0,1.0,0.0,1.0,0.0,0.0,0.0,1.0,1
-0.8531742434092786,-1.0522813964615434,-1.2095867319978744,-2.2661349816283334,0.41453312151208005,1.0,0.0,0.0,1.0,1.0,0.0,0.0,0.0,1.0,0.0,1.0,0.0,0.0,0.0,1.0,0
-0.8527211836653251,-1.0522813964615434,-1.2515399888577368,-1.6041452886371912,0.41453312151208005,0.0,1.0,0.0,1.0,1.0,0.0,0.0,0.0,1.0,0.0,1.0,0.0,0.0,1.0,0.0,1
-0.8463783472499773,0.9503161448664326,0.0741829279139156,0.3818237903362353,0.41453312151208005,0.0,1.0,0.0,1.0,1.0,0.0,0.0,0.0,1.0,0.0,1.0,0.0,0.0,0.0,1.0,1
0.1211307359625527,-1.0522813964615434,-0.16075531050131392,-2.9281246746194753,0.41453312151208005,0.0,1.0,0.0,1.0,1.0,0.0,0.0,0.0,1.0,0.0,1.0,0.0,0.0,1.0,0.0,1
1.200319046059601,0.9503161448664326,0.2587772580973102,-3.457716429012389,0.41453312151208005,0.0,1.0,0.0,1.0,1.0,0.0,0.0,0.0,1.0,0.0,1.0,0.0,0.0,0.0,1.0,1
-1.0416470968939016,0.9503161448664326,-0.8068354661431951,-0.942155595646049,0.41453312151208005,0.0,1.0,0.0,1.0,0.0,1.0,0.0,0.0,1.0,0.0,1.0,0.0,0.0,0.0,1.0,1
1.2263699813369227,0.9503161448664326,2.3480494497184585,0.3818237903362353,0.41453312151208005,0.0,1.0,1.0,0.0,1.0,0.0,0.0,0.0,1.0,0.0,0.0,1.0,0.0,0.0,1.0,1
-0.5231202199392115,-1.0522813964615434,-0.7481009065393878,-1.6041452886371912,0.41453312151208005,0.0,1.0,0.0,1.0,0.0,0.0,0.0,1.0,0.0,1.0,1.0,0.0,1.0,0.0,0.0,1
-0.9304209297533368,0.9503161448664326,-0.3117870351968186,0.3818237903362353,0.41453312151208005,1.0,0.0,0.0,1.0,0.0,0.0,0.0,1.0,1.0,0.0,1.0,0.0,1.0,0.0,0.0,1
0.8999404358184829,0.9503161448664326,1.2153115145021733,0.3818237903362353,0.41453312151208005,0.0,1.0,0.0,1.0,0.0,1.0,0.0,0.0,1.0,0.0,0.0,1.0,0.0,1.0,0.0,1
-0.47645506631200923,0.9503161448664326,-0.4208655030324609,0.3818237903362353,0.41453312151208005,1.0,0.0,1.0,0.0,1.0,0.0,0.0,0.0,1.0,0.0,0.0,1.0,1.0,0.0,0.0,1
1.5274281811939707,0.9503161448664326,2.9773483026163947,0.3818237903362353,-2.412352471021688,0.0,1.0,1.0,0.0,0.0,0.0,0.0,1.0,1.0,0.0,1.0,0.0,0.0,0.0,1.0,0
-0.8749211111190428,-1.0522813964615434,-1.2095867319978744,0.3818237903362353,0.41453312151208005,0.0,1.0,1.0,0.0,0.0,0.0,1.0,0.0,0.0,1.0,1.0,0.0,0.0,1.0,0.0,1
0.046375878210238274,-1.0522813964615434,0.25038660672533775,-2.9281246746194753,0.41453312151208005,0.0,1.0,0.0,1.0,1.0,0.0,0.0,0.0,1.0,0.0,1.0,0.0,1.0,0.0,0.0,0
0.37121971462484094,0.9503161448664326,-0.11041140226947901,0.3818237903362353,0.41453312151208005,0.0,1.0,1.0,0.0,1.0,0.0,0.0,0.0,1.0,0.0,1.0,0.0,1.0,0.0,0.0,1
0.17753667408475357,-1.0522813964615434,0.31751181770111764,0.3818237903362353,-2.412352471021688,0.0,1.0,1.0,0.0,0.0,1.0,0.0,0.0,0.0,1.0,1.0,0.0,0.0,0.0,1.0,0
0.033916735251519205,0.9503161448664326,-0.13558335638539648,-1.6041452886371912,0.41453312151208005,0.0,1.0,0.0,1.0,1.0,0.0,0.0,0.0,1.0,0.0,1.0,0.0,1.0,0.0,0.0,1
1.4399876506109603,0.9503161448664326,2.6836755045973577,0.3818237903362353,-2.412352471021688,0.0,1.0,1.0,0.0,1.0,0.0,0.0,0.0,1.0,0.0,1.0,0.0,0.0,1.0,0.0,0
0.7889407985498949,0.9503161448664326,1.2656554227340082,0.3818237903362353,0.41453312151208005,1.0,0.0,0.0,1.0,1.0,0.0,0.0,0.0,0.0,1.0,1.0,0.0,0.0,1.0,0.0,1
-0.16089895464845172,-1.0522813964615434,-0.22788052147709378,-1.6041452886371912,0.41453312151208005,0.0,1.0,0.0,1.0,1.0,0.0,0.0,0.0,1.0,0.0,1.0,0.0,0.0,1.0,0.0,1
-0.13801943757880397,0.9503161448664326,0.7118724321838243,0.3818237903362353,-2.412352471021688,0.0,1.0,0.0,1.0,1.0,0.0,0.0,0.0,1.0,0.0,1.0,0.0,1.0,0.0,0.0,0
1.3665919720905062,0.9503161448664326,2.82631657792089,0.3818237903362353,0.41453312151208005,0.0,1.0,0.0,1.0,0.0,1.0,0.0,0.0,1.0,0.0,1.0,0.0,1.0,0.0,0.0,0
-0.5913057114042014,-1.0522813964615434,-1.150852172394067,0.3818237903362353,0.41453312151208005,0.0,1.0,0.0,1.0,1.0,0.0,0.0,0.0,1.0,0.0,1.0,0.0,0.0,0.0,1.0,1
-0.7689051310339423,-1.0522813964615434,-0.8068354661431951,0.3818237903362353,0.41453312151208005,1.0,0.0,1.0,0.0,0.0,0.0,1.0,0.0,1.0,0.0,1.0,0.0,0.0,0.0,1.0,1
1.0120727224469546,-1.0522813964615434,0.02383901968208071,0.3818237903362353,0.41453312151208005,0.0,1.0,0.0,1.0,1.0,0.0,0.0,0.0,0.0,1.0,1.0,0.0,0.0,1.0,0.0,1
-0.7256379254863906,-1.0522813964615434,-1.066945658674342,0.3818237903362353,-2.412352471021688,1.0,0.0,0.0,1.0,1.0,0.0,0.0,0.0,1.0,0.0,1.0,0.0,1.0,0.0,0.0,1
-0.30338624412180254,-1.0522813964615434,-0.3117870351968186,0.3818237903362353,-2.412352471021688,0.0,1.0,1.0,0.0,1.0,0.0,0.0,0.0,1.0,0.0,1.0,0.0,1.0,0.0,0.0,1
-0.6003669062832698,0.9503161448664326,0.14969879026166796,0.3818237903362353,0.41453312151208005,0.0,1.0,0.0,1.0,1.0,0.0,0.0,0.0,1.0,0.0,1.0,0.0,0.0,1.0,0.0,1
2.005632740936806,-1.0522813964615434,1.8026571105402471,0.3818237903362353,0.41453312151208005,1.0,0.0,0.0,1.0,1.0,0.0,0.0,0.0,1.0,0.0,1.0,0.0,0.0,0.0,1.0,0
0.17640402472487002,0.9503161448664326,0.3846370286768975,0.3818237903362353,0.41453312151208005,1.0,0.0,0.0,1.0,1.0,0.0,0.0,0.0,1.0,0.0,0.0,1.0,0.0,0.0,1.0,1
-0.9249842128258958,-1.0522813964615434,-1.2431493374857643,-0.942155595646049,0.41453312151208005,0.0,1.0,0.0,1.0,1.0,0.0,0.0,0.0,1.0,0.0,0.0,1.0,1.0,0.0,0.0,0
-0.11242156204543569,-1.0522813964615434,-0.7397102551674153,0.3818237903362353,-2.412352471021688,0.0,1.0,1.0,0.0,0.0,0.0,0.0,1.0,1.0,0.0,1.0,0.0,0.0,1.0,0.0,0
0.8102346065157057,-1.0522813964615434,-0.16075531050131392,0.3818237903362353,0.41453312151208005,0.0,1.0,0.0,1.0,1.0,0.0,0.0,0.0,1.0,0.0,0.0,1.0,0.0,0.0,1.0,1
-0.6366116857995435,0.9503161448664326,-0.387302897544571,0.3818237903362353,0.41453312151208005,0.0,1.0,1.0,0.0,0.0,0.0,0.0,1.0,1.0,0.0,1.0,0.0,0.0,1.0,0.0,1
-0.32354740272772975,-1.0522813964615434,-0.4124748516604884,0.3818237903362353,0.41453312151208005,0.0,1.0,0.0,1.0,1.0,0.0,0.0,0.0,1.0,0.0,1.0,0.0,0.0,0.0,1.0,1
-0.23134974483320864,0.9503161448664326,0.376246377304925,-2.6633287974230186,0.41453312151208005,0.0,1.0,0.0,1.0,0.0,0.0,1.0,0.0,1.0,0.0,1.0,0.0,0.0,0.0,1.0,0
-0.49253868722235566,0.9503161448664326,0.3426837718170351,0.3818237903362353,0.41453312151208005,0.0,1.0,0.0,1.0,1.0,0.0,0.0,0.0,0.0,1.0,1.0,0.0,1.0,0.0,0.0,0
1.3790511150492253,0.9503161448664326,1.0810610925506137,-2.6633287974230186,0.41453312151208005,1.0,0.0,0.0,1.0,1.0,0.0,0.0,0.0,0.0,1.0,1.0,0.0,0.0,1.0,0.0,0
0.7801061335428031,0.9503161448664326,0.4769341937685948,0.3818237903362353,0.41453312151208005,0.0,1.0,0.0,1.0,1.0,0.0,0.0,0.0,1.0,0.0,1.0,0.0,0.0,0.0,1.0,1
0.4636439023913388,0.9503161448664326,1.2908273768499257,-1.6041452886371912,0.41453312151208005,0.0,1.0,0.0,1.0,1.0,0.0,0.0,0.0,1.0,0.0,0.0,1.0,0.0,0.0,1.0,1
-0.8642742071361373,-1.0522813964615434,-1.0753363100463147,-3.457716429012389,0.41453312151208005,0.0,1.0,0.0,1.0,1.0,0.0,0.0,0.0,1.0,0.0,1.0,0.0,0.0,1.0,0.0,1
1.1742681107822792,-1.0522813964615434,-0.16075531050131392,1.7058031763185197,0.41453312151208005,1.0,0.0,0.0,1.0,0.0,1.0,0.0,0.0,1.0,0.0,1.0,0.0,0.0,1.0,0.0,1
-0.70502370713651,0.9503161448664326,-0.12719270501342397,0.3818237903362353,0.41453312151208005,0.0,1.0,0.0,1.0,0.0,1.0,0.0,0.0,1.0,0.0,1.0,0.0,0.0,0.0,1.0,0
1.4440651883065412,0.9503161448664326,0.9048574137391915,0.3818237903362353,0.41453312151208005,0.0,1.0,0.0,1.0,1.0,0.0,0.0,0.0,1.0,0.0,1.0,0.0,0.0,0.0,1.0,1
-0.7351521801094125,0.9503161448664326,-0.47960006263626825,0.3818237903362353,0.41453312151208005,0.0,1.0,0.0,1.0,0.0,0.0,0.0,1.0,1.0,0.0,1.0,0.0,0.0,0.0,1.0,1
-0.789519349383823,-1.0522813964615434,-1.2599306402297092,0.3818237903362353,0.41453312151208005,0.0,1.0,0.0,1.0,0.0,0.0,0.0,1.0,1.0,0.0,1.0,0.0,0.0,0.0,1.0,1
-0.9098067114034561,0.9503161448664326,-0.40408420028851594,0.3818237903362353,0.41453312151208005,1.0,0.0,0.0,1.0,1.0,0.0,0.0,0.0,1.0,0.0,1.0,0.0,0.0,1.0,0.0,1
-0.15047858053752303,0.9503161448664326,-0.19431791598920387,0.3818237903362353,0.41453312151208005,0.0,1.0,0.0,1.0,0.0,0.0,1.0,0.0,1.0,0.0,1.0,0.0,0.0,0.0,1.0,1
-0.8586109603367197,-1.0522813964615434,-1.167633475138012,0.3818237903362353,0.41453312151208005,0.0,1.0,1.0,0.0,0.0,1.0,0.0,0.0,0.0,1.0,1.0,0.0,1.0,0.0,0.0,1
0.5762292487637638,0.9503161448664326,1.366343239197678,0.3818237903362353,0.41453312151208005,0.0,1.0,1.0,0.0,1.0,0.0,0.0,0.0,1.0,0.0,1.0,0.0,0.0,1.0,0.0,1
-0.36319013032365405,-1.0522813964615434,-0.370521594800626,0.3818237903362353,0.41453312151208005,1.0,0.0,0.0,1.0,1.0,0.0,0.0,0.0,1.0,0.0,1.0,0.0,1.0,0.0,0.0,1
1.4533529130575864,-1.0522813964615434,0.0741829279139156,-2.2661349816283334,0.41453312151208005,1.0,0.0,0.0,1.0,1.0,0.0,0.0,0.0,0.0,1.0,0.0,1.0,1.0,0.0,0.0,1
-0.022036143126728257,-1.0522813964615434,-0.14397400775736896,0.3818237903362353,0.41453312151208005,0.0,1.0,0.0,1.0,0.0,1.0,0.0,0.0,1.0,0.0,1.0,0.0,0.0,1.0,0.0,1
-0.25309661254297283,0.9503161448664326,-0.10202075089750653,0.3818237903362353,0.41453312151208005,0.0,1.0,0.0,1.0,0.0,1.0,0.0,0.0,1.0,0.0,0.0,1.0,1.0,0.0,0.0,1
0.7250593746524625,0.9503161448664326,1.2404834686180908,-2.6633287974230186,0.41453312151208005,0.0,1.0,0.0,1.0,0.0,1.0,0.0,0.0,1.0,0.0,1.0,0.0,0.0,1.0,0.0,1
-0.7521419205076657,0.9503161448664326,-0.5635065763559931,0.3818237903362353,0.41453312151208005,0.0,1.0,0.0,1.0,1.0,0.0,0.0,0.0,1.0,0.0,1.0,0.0,1.0,0.0,0.0,1
-0.6028587348750136,-1.0522813964615434,-0.8236167688871401,0.3818237903362353,0.41453312151208005,0.0,1.0,1.0,0.0,0.0,1.0,0.0,0.0,1.0,0.0,1.0,0.0,1.0,0.0,0.0,1
0.7936979258614058,0.9503161448664326,1.2824367254779532,0.3818237903362353,0.41453312151208005,0.0,1.0,1.0,0.0,0.0,1.0,0.0,0.0,1.0,0.0,1.0,0.0,0.0,0.0,1.0,0
-0.18219276261426248,0.9503161448664326,-0.08523944815356158,0.3818237903362353,0.41453312151208005,1.0,0.0,0.0,1.0,1.0,0.0,0.0,0.0,1.0,0.0,1.0,0.0,0.0,0.0,1.0,1
-0.047860548532073235,0.9503161448664326,-0.24466182422103874,0.3818237903362353,0.41453312151208005,0.0,1.0,1.0,0.0,0.0,0.0,1.0,0.0,1.0,0.0,1.0,0.0,0.0,1.0,0.0,1
0.4844846506131961,0.9503161448664326,-0.19431791598920387,0.3818237903362353,-2.412352471021688,1.0,0.0,0.0,1.0,1.0,0.0,0.0,0.0,1.0,0.0,0.0,1.0,0.0,1.0,0.0,0
-0.5194957419875842,0.9503161448664326,0.46015289102464985,-0.2801659026549069,0.41453312151208005,0.0,1.0,0.0,1.0,1.0,0.0,0.0,0.0,1.0,0.0,1.0,0.0,0.0,1.0,0.0,1
0.5861965631307391,0.9503161448664326,0.2587772580973102,-2.6633287974230186,0.41453312151208005,0.0,1.0,0.0,1.0,0.0,1.0,0.0,0.0,1.0,0.0,1.0,0.0,0.0,1.0,0.0,1
2.9178685353870186,0.9503161448664326,1.366343239197678,-0.2801659026549069,0.41453312151208005,0.0,1.0,1.0,0.0,1.0,0.0,0.0,0.0,0.0,1.0,0.0,1.0,0.0,0.0,1.0,1
0.5202763703855163,0.9503161448664326,1.64323473447277,0.3818237903362353,0.41453312151208005,0.0,1.0,0.0,1.0,1.0,0.0,0.0,0.0,1.0,0.0,1.0,0.0,1.0,0.0,0.0,0
0.27041392159520483,0.9503161448664326,0.20843334986547535,0.3818237903362353,0.41453312151208005,0.0,1.0,1.0,0.0,0.0,0.0,0.0,1.0,1.0,0.0,1.0,0.0,0.0,1.0,0.0,1
5.248407858283415,-1.0522813964615434,4.2695086139001575,-2.9281246746194753,-2.412352471021688,0.0,1.0,0.0,1.0,0.0,0.0,1.0,0.0,1.0,0.0,1.0,0.0,0.0,0.0,1.0,0
-0.35639423416435273,-1.0522813964615434,-0.8068354661431951,0.3818237903362353,-2.412352471021688,0.0,1.0,1.0,0.0,1.0,0.0,0.0,0.0,1.0,0.0,1.0,0.0,0.0,1.0,0.0,0
-0.4861958508070078,-1.0522813964615434,-0.9830391449546173,-0.942155595646049,0.41453312151208005,0.0,1.0,0.0,1.0,1.0,0.0,0.0,0.0,0.0,1.0,1.0,0.0,0.0,1.0,0.0,0
-0.8543068927691622,0.9503161448664326,-0.3789122461725985,-0.2801659026549069,0.41453312151208005,0.0,1.0,1.0,0.0,1.0,0.0,0.0,0.0,0.0,1.0,1.0,0.0,1.0,0.0,0.0,1
1.0596439955620638,0.9503161448664326,0.9719826247149713,1.7058031763185197,0.41453312151208005,0.0,1.0,0.0,1.0,1.0,0.0,0.0,0.0,1.0,0.0,1.0,0.0,1.0,0.0,0.0,1
0.41131550196471867,-1.0522813964615434,-0.21109921873314882,0.3818237903362353,-2.412352471021688,0.0,1.0,0.0,1.0,1.0,0.0,0.0,0.0,1.0,0.0,1.0,0.0,1.0,0.0,0.0,0
-0.977992202868446,0.9503161448664326,-0.4292561544044334,-0.2801659026549069,0.41453312151208005,1.0,0.0,0.0,1.0,0.0,1.0,0.0,0.0,1.0,0.0,1.0,0.0,1.0,0.0,0.0,1
-0.11242156204543569,0.9503161448664326,-0.10202075089750653,0.3818237903362353,0.41453312151208005,0.0,1.0,0.0,1.0,1.0,0.0,0.0,0.0,1.0,0.0,1.0,0.0,0.0,1.0,0.0,1
1.1937496797722762,-1.0522813964615434,0.06579227654194313,0.3818237903362353,-2.412352471021688,1.0,0.0,0.0,1.0,0.0,0.0,0.0,1.0,1.0,0.0,1.0,0.0,1.0,0.0,0.0,0
-0.08818286574392768,-1.0522813964615434,-0.47960006263626825,-2.6633287974230186,0.41453312151208005,1.0,0.0,0.0,1.0,0.0,0.0,0.0,1.0,0.0,1.0,1.0,0.0,0.0,0.0,1.0,0
0.7307226214518803,0.9503161448664326,2.0040327434675866,0.3818237903362353,0.41453312151208005,0.0,1.0,0.0,1.0,0.0,1.0,0.0,0.0,1.0,0.0,1.0,0.0,0.0,1.0,0.0,1
1.3258165951346985,0.9503161448664326,2.549425082645798,0.3818237903362353,-2.412352471021688,0.0,1.0,0.0,1.0,0.0,1.0,0.0,0.0,1.0,0.0,1.0,0.0,0.0,1.0,0.0,0
1.0483175019632283,0.9503161448664326,0.8545135055073565,0.3818237903362353,0.41453312151208005,0.0,1.0,1.0,0.0,1.0,0.0,0.0,0.0,1.0,0.0,1.0,0.0,1.0,0.0,0.0,1
1.2141373682501801,0.9503161448664326,2.3144868442305686,0.3818237903362353,0.41453312151208005,0.0,1.0,1.0,0.0,1.0,0.0,0.0,0.0,1.0,0.0,1.0,0.0,1.0,0.0,0.0,1
0.4690806193187798,0.9503161448664326,0.5356687533724022,0.3818237903362353,0.41453312151208005,0.0,1.0,0.0,1.0,1.0,0.0,0.0,0.0,1.0,0.0,1.0,0.0,0.0,1.0,0.0,1
-0.6123729894980354,0.9503161448664326,-0.19431791598920387,0.3818237903362353,0.41453312151208005,0.0,1.0,1.0,0.0,0.0,1.0,0.0,0.0,0.0,1.0,1.0,0.0,0.0,1.0,0.0,1
-0.751235801019759,0.9503161448664326,-0.5635065763559931,0.3818237903362353,0.41453312151208005,1.0,0.0,0.0,1.0,1.0,0.0,0.0,0.0,1.0,0.0,1.0,0.0,0.0,1.0,0.0,1
-0.530595705714443,-1.0522813964615434,-0.8907419798629199,0.3818237903362353,0.41453312151208005,0.0,1.0,0.0,1.0,1.0,0.0,0.0,0.0,1.0,0.0,1.0,0.0,1.0,0.0,0.0,1
0.6108883191762005,-1.0522813964615434,0.7286537349277693,0.3818237903362353,0.41453312151208005,0.0,1.0,0.0,1.0,1.0,0.0,0.0,0.0,1.0,0.0,1.0,0.0,0.0,1.0,0.0,1
3.221871623579764,0.9503161448664326,4.2695086139001575,0.3818237903362353,0.41453312151208005,0.0,1.0,0.0,1.0,0.0,1.0,0.0,0.0,1.0,0.0,0.0,1.0,1.0,0.0,0.0,1
0.36691564705728347,-1.0522813964615434,-0.5718972277279656,0.3818237903362353,-2.412352471021688,0.0,1.0,0.0,1.0,0.0,1.0,0.0,0.0,1.0,0.0,0.0,1.0,1.0,0.0,0.0,0
-0.6930176239217444,-1.0522813964615434,-1.0585550073023695,0.3818237903362353,0.41453312151208005,0.0,1.0,1.0,0.0,1.0,0.0,0.0,0.0,1.0,0.0,1.0,0.0,1.0,0.0,0.0,1
-0.4952570456860762,-1.0522813964615434,-0.840398071631085,0.3818237903362353,-2.412352471021688,0.0,1.0,0.0,1.0,0.0,0.0,1.0,0.0,1.0,0.0,1.0,0.0,0.0,0.0,1.0,0
0.03527591448337947,0.9503161448664326,-0.018114237177781708,-3.457716429012389,0.41453312151208005,0.0,1.0,1.0,0.0,0.0,1.0,0.0,0.0,1.0,0.0,1.0,0.0,0.0,1.0,0.0,1
-0.40713692548713587,0.9503161448664326,-0.5215533194961307,0.3818237903362353,0.41453312151208005,0.0,1.0,0.0,1.0,1.0,0.0,0.0,0.0,1.0,0.0,0.0,1.0,0.0,1.0,0.0,1
-0.8189682327407953,0.9503161448664326,-0.12719270501342397,-0.942155595646049,0.41453312151208005,1.0,0.0,1.0,0.0,1.0,0.0,0.0,0.0,1.0,0.0,1.0,0.0,0.0,1.0,0.0,1
-0.0666625279061402,-1.0522813964615434,-0.6893663469355804,0.3818237903362353,0.41453312151208005,0.0,1.0,0.0,1.0,1.0,0.0,0.0,0.0,0.0,1.0,0.0,1.0,0.0,0.0,1.0,0
0.05883502116895734,0.9503161448664326,0.9971545788308888,-0.942155595646049,0.41453312151208005,0.0,1.0,1.0,0.0,1.0,0.0,0.0,0.0,1.0,0.0,1.0,0.0,0.0,1.0,0.0,1
1.0231726861738133,-1.0522813964615434,0.9384200192270814,0.3818237903362353,0.41453312151208005,0.0,1.0,0.0,1.0,1.0,0.0,0.0,0.0,0.0,1.0,1.0,0.0,0.0,1.0,0.0,0
0.31685254535043045,-1.0522813964615434,0.45176223965267737,0.3818237903362353,0.41453312151208005,0.0,1.0,0.0,1.0,0.0,0.0,1.0,0.0,1.0,0.0,1.0,0.0,0.0,1.0,0.0,1
0.9028853241541802,0.9503161448664326,-0.19431791598920387,1.7058031763185197,0.41453312151208005,0.0,1.0,0.0,1.0,0.0,1.0,0.0,0.0,1.0,0.0,1.0,0.0,0.0,0.0,1.0,1
-0.07164618508962782,0.9503161448664326,0.3259024690730901,0.3818237903362353,-2.412352471021688,1.0,0.0,0.0,1.0,0.0,0.0,1.0,0.0,0.0,1.0,1.0,0.0,1.0,0.0,0.0,1
-1.030320603295066,0.9503161448664326,-0.5047720167521857,0.3818237903362353,0.41453312151208005,0.0,1.0,1.0,0.0,1.0,0.0,0.0,0.0,1.0,0.0,1.0,0.0,0.0,1.0,0.0,1
1.0614562345378775,-1.0522813964615434,1.4754217070333202,0.3818237903362353,0.41453312151208005,0.0,1.0,0.0,1.0,1.0,0.0,0.0,0.0,1.0,0.0,1.0,0.0,0.0,0.0,1.0,1
-0.5797526879333892,0.9503161448664326,0.3007305149571727,0.3818237903362353,0.41453312151208005,0.0,1.0,1.0,0.0,1.0,0.0,0.0,0.0,1.0,0.0,1.0,0.0,0.0,1.0,0.0,1
0.07582476156721062,-1.0522813964615434,-0.24466182422103874,0.3818237903362353,-2.412352471021688,1.0,0.0,0.0,1.0,1.0,0.0,0.0,0.0,1.0,0.0,1.0,0.0,0.0,0.0,1.0,1
0.21468757308893407,0.9503161448664326,0.7789976431596042,0.3818237903362353,0.41453312151208005,0.0,1.0,0.0,1.0,1.0,0.0,0.0,0.0,1.0,0.0,1.0,0.0,1.0,0.0,0.0,1
-1.0151431018726265,-1.0522813964615434,-1.3857904108092964,-2.6633287974230186,0.41453312151208005,0.0,1.0,0.0,1.0,0.0,1.0,0.0,0.0,1.0,0.0,1.0,0.0,0.0,1.0,0.0,1
0.5118947651223781,-1.0522813964615434,-0.15236465912934144,0.3818237903362353,0.41453312151208005,0.0,1.0,1.0,0.0,0.0,1.0,0.0,0.0,0.0,1.0,0.0,1.0,0.0,1.0,0.0,0
0.19271417550719316,0.9503161448664326,0.3678557259329525,1.7058031763185197,0.41453312151208005,0.0,1.0,0.0,1.0,0.0,0.0,1.0,0.0,1.0,0.0,1.0,0.0,0.0,1.0,0.0,1
0.05679625232116695,-1.0522813964615434,-0.353740292056681,0.3818237903362353,-2.412352471021688,1.0,0.0,0.0,1.0,1.0,0.0,0.0,0.0,1.0,0.0,1.0,0.0,1.0,0.0,0.0,0
1.4297938063720084,-1.0522813964615434,1.5593282207530452,-3.457716429012389,0.41453312151208005,0.0,1.0,0.0,1.0,0.0,0.0,0.0,1.0,1.0,0.0,1.0,0.0,0.0,1.0,0.0,1
0.17640402472487002,0.9503161448664326,0.2252146526094203,-1.6041452886371912,0.41453312151208005,1.0,0.0,0.0,1.0,1.0,0.0,0.0,0.0,0.0,1.0,0.0,1.0,0.0,1.0,0.0,1
-0.5609507085593222,0.9503161448664326,-0.6390224387037454,0.3818237903362353,0.41453312151208005,0.0,1.0,0.0,1.0,0.0,1.0,0.0,0.0,1.0,0.0,1.0,0.0,0.0,0.0,1.0,1
-0.6699115769801199,0.9503161448664326,-0.19431791598920387,0.3818237903362353,0.41453312151208005,0.0,1.0,1.0,0.0,1.0,0.0,0.0,0.0,0.0,1.0,1.0,0.0,0.0,0.0,1.0,1
-1.0450450449735522,0.9503161448664326,-0.9746484935826448,0.3818237903362353,0.41453312151208005,1.0,0.0,0.0,1.0,1.0,0.0,0.0,0.0,1.0,0.0,1.0,0.0,0.0,1.0,0.0,1
-0.7204277384309263,0.9503161448664326,-0.3789122461725985,0.3818237903362353,0.41453312151208005,0.0,1.0,0.0,1.0,1.0,0.0,0.0,0.0,1.0,0.0,0.0,1.0,0.0,1.0,0.0,1
-0.416424650238181,-1.0522813964615434,-0.4124748516604884,-0.942155595646049,-2.412352471021688,0.0,1.0,1.0,0.0,0.0,1.0,0.0,0.0,1.0,0.0,1.0,0.0,0.0,0.0,1.0,0
-0.2827720257719219,0.9503161448664326,-0.2194898701051213,1.7058031763185197,0.41453312151208005,0.0,1.0,1.0,0.0,1.0,0.0,0.0,0.0,0.0,1.0,1.0,0.0,0.0,1.0,0.0,1
-0.7446664347324343,-1.0522813964615434,-0.9914297963265898,0.3818237903362353,0.41453312151208005,0.0,1.0,0.0,1.0,1.0,0.0,0.0,0.0,1.0,0.0,1.0,0.0,0.0,1.0,0.0,1
-0.805149910550216,0.9503161448664326,-0.3117870351968186,0.3818237903362353,0.41453312151208005,1.0,0.0,1.0,0.0,1.0,0.0,0.0,0.0,1.0,0.0,1.0,0.0,1.0,0.0,0.0,1
-0.9705167170932145,0.9503161448664326,-0.5718972277279656,0.3818237903362353,-2.412352471021688,0.0,1.0,1.0,0.0,1.0,0.0,0.0,0.0,1.0,0.0,1.0,0.0,1.0,0.0,0.0,1
-0.3398575535100529,-1.0522813964615434,-0.873960677118975,0.3818237903362353,0.41453312151208005,0.0,1.0,0.0,1.0,0.0,1.0,0.0,0.0,0.0,1.0,1.0,0.0,1.0,0.0,0.0,1
-0.6810115407069787,0.9503161448664326,-0.07684879678158908,0.3818237903362353,0.41453312151208005,0.0,1.0,1.0,0.0,0.0,0.0,1.0,0.0,1.0,0.0,0.0,1.0,0.0,1.0,0.0,0
-1.0291879539351825,-1.0522813964615434,-1.1424615210220945,0.3818237903362353,0.41453312151208005,0.0,1.0,1.0,0.0,1.0,0.0,0.0,0.0,1.0,0.0,1.0,0.0,1.0,0.0,0.0,1
-0.06598293829021007,-1.0522813964615434,-0.1691459618732864,0.3818237903362353,-2.412352471021688,0.0,1.0,0.0,1.0,1.0,0.0,0.0,0.0,1.0,0.0,1.0,0.0,0.0,1.0,0.0,0
-0.3339677768386584,0.9503161448664326,-0.13558335638539648,0.3818237903362353,0.41453312151208005,0.0,1.0,1.0,0.0,0.0,1.0,0.0,0.0,1.0,0.0,1.0,0.0,0.0,0.0,1.0,1
0.925764841223828,-1.0522813964615434,0.846122854135384,0.3818237903362353,0.41453312151208005,0.0,1.0,0.0,1.0,1.0,0.0,0.0,0.0,1.0,0.0,0.0,1.0,0.0,1.0,0.0,0
0.30190157379996757,0.9503161448664326,-0.2194898701051213,-3.1929205518159325,0.41453312151208005,0.0,1.0,1.0,0.0,0.0,0.0,0.0,1.0,1.0,0.0,1.0,0.0,1.0,0.0,0.0,1
2.407723263695467,-1.0522813964615434,3.195505238287679,0.3818237903362353,0.41453312151208005,0.0,1.0,0.0,1.0,0.0,0.0,1.0,0.0,1.0,0.0,1.0,0.0,1.0,0.0,0.0,1
0.1326837594333649,-1.0522813964615434,-0.19431791598920387,0.3818237903362353,0.41453312151208005,1.0,0.0,0.0,1.0,1.0,0.0,0.0,0.0,1.0,0.0,1.0,0.0,0.0,1.0,0.0,1
2.528237155587077,0.9503161448664326,3.0109109081042846,0.3818237903362353,0.41453312151208005,0.0,1.0,0.0,1.0,0.0,1.0,0.0,0.0,1.0,0.0,1.0,0.0,0.0,1.0,0.0,1
-0.39581043188830034,-1.0522813964615434,-0.47960006263626825,0.3818237903362353,0.41453312151208005,0.0,1.0,0.0,1.0,0.0,1.0,0.0,0.0,1.0,0.0,1.0,0.0,0.0,1.0,0.0,1
0.4018012473416968,-1.0522813964615434,-0.49638136538021327,0.3818237903362353,0.41453312151208005,1.0,0.0,0.0,1.0,0.0,0.0,1.0,0.0,1.0,0.0,1.0,0.0,0.0,0.0,1.0,1
5.1029756804743664,0.9503161448664326,4.2695086139001575,1.7058031763185197,0.41453312151208005,0.0,1.0,0.0,1.0,1.0,0.0,0.0,0.0,1.0,0.0,1.0,0.0,0.0,0.0,1.0,1
-0.2243273188019306,-1.0522813964615434,-0.387302897544571,0.3818237903362353,0.41453312151208005,0.0,1.0,0.0,1.0,1.0,0.0,0.0,0.0,1.0,0.0,1.0,0.0,0.0,0.0,1.0,1
-0.8932700307491563,-1.0522813964615434,-0.9830391449546173,0.3818237903362353,0.41453312151208005,0.0,1.0,0.0,1.0,1.0,0.0,0.0,0.0,1.0,0.0,1.0,0.0,0.0,0.0,1.0,1
-0.7487439724280152,-1.0522813964615434,-0.9326952367227823,0.3818237903362353,0.41453312151208005,1.0,0.0,0.0,1.0,1.0,0.0,0.0,0.0,1.0,0.0,0.0,1.0,0.0,1.0,0.0,0
0.13585517764103885,0.9503161448664326,1.156576954898366,0.3818237903362353,0.41453312151208005,0.0,1.0,0.0,1.0,0.0,0.0,1.0,0.0,1.0,0.0,1.0,0.0,0.0,1.0,0.0,0
-0.6927910940497677,-1.0522813964615434,-0.8320074202591126,0.3818237903362353,0.41453312151208005,0.0,1.0,0.0,1.0,1.0,0.0,0.0,0.0,1.0,0.0,1.0,0.0,1.0,0.0,0.0,0
-0.35390240557260894,0.9503161448664326,0.05740162516997064,0.3818237903362353,0.41453312151208005,1.0,0.0,1.0,0.0,0.0,1.0,0.0,0.0,1.0,0.0,1.0,0.0,0.0,0.0,1.0,1
-0.9292882803934532,0.9503161448664326,-0.9075232826068649,0.3818237903362353,0.41453312151208005,0.0,1.0,0.0,1.0,1.0,0.0,0.0,0.0,1.0,0.0,1.0,0.0,0.0,1.0,0.0,1
1.8284863810510188,-1.0522813964615434,0.7957789459035491,-2.2661349816283334,0.41453312151208005,0.0,1.0,0.0,1.0,0.0,0.0,1.0,0.0,1.0,0.0,1.0,0.0,1.0,0.0,0.0,1
1.735156073796614,-1.0522813964615434,0.4349809369087324,0.3818237903362353,0.41453312151208005,0.0,1.0,0.0,1.0,1.0,0.0,0.0,0.0,1.0,0.0,1.0,0.0,1.0,0.0,0.0,1
-0.6932441537937211,0.9503161448664326,-0.11041140226947901,0.3818237903362353,-2.412352471021688,1.0,0.0,0.0,1.0,1.0,0.0,0.0,0.0,0.0,1.0,1.0,0.0,0.0,0.0,1.0,0
1.0116196627030012,-1.0522813964615434,0.7873882945315767,0.3818237903362353,0.41453312151208005,0.0,1.0,1.0,0.0,0.0,1.0,0.0,0.0,1.0,0.0,0.0,1.0,0.0,1.0,0.0,1
-0.4055512163832989,-1.0522813964615434,-0.7816635120272777,0.3818237903362353,0.41453312151208005,0.0,1.0,0.0,1.0,1.0,0.0,0.0,0.0,1.0,0.0,1.0,0.0,0.0,0.0,1.0,1
0.9463790595737086,0.9503161448664326,0.1748707443775854,0.3818237903362353,0.41453312151208005,1.0,0.0,1.0,0.0,1.0,0.0,0.0,0.0,1.0,0.0,1.0,0.0,0.0,1.0,0.0,1
-1.0260165357275086,0.9503161448664326,-0.8236167688871401,0.3818237903362353,0.41453312151208005,0.0,1.0,1.0,0.0,1.0,0.0,0.0,0.0,1.0,0.0,1.0,0.0,0.0,0.0,1.0,1
-0.8352783835231185,-1.0522813964615434,-1.2347586861137918,0.3818237903362353,0.41453312151208005,0.0,1.0,1.0,0.0,1.0,0.0,0.0,0.0,1.0,0.0,1.0,0.0,0.0,1.0,0.0,1
1.1663395652630943,0.9503161448664326,1.4082964960575404,0.3818237903362353,0.41453312151208005,0.0,1.0,0.0,1.0,1.0,0.0,0.0,0.0,0.0,1.0,1.0,0.0,0.0,0.0,1.0,1
0.29261384904892246,0.9503161448664326,0.49371549651253976,0.3818237903362353,0.41453312151208005,0.0,1.0,0.0,1.0,1.0,0.0,0.0,0.0,1.0,0.0,1.0,0.0,0.0,1.0,0.0,1
-0.556420111119788,0.9503161448664326,-0.22788052147709378,0.3818237903362353,0.41453312151208005,0.0,1.0,1.0,0.0,1.0,0.0,0.0,0.0,0.0,1.0,1.0,0.0,1.0,0.0,0.0,1
-0.815343754789168,-1.0522813964615434,-0.9578671908386999,-2.2661349816283334,-2.412352471021688,0.0,1.0,0.0,1.0,0.0,0.0,0.0,1.0,1.0,0.0,1.0,0.0,0.0,1.0,0.0,0
0.7128267615657201,-1.0522813964615434,0.08257357928588809,0.3818237903362353,0.41453312151208005,0.0,1.0,0.0,1.0,1.0,0.0,0.0,0.0,1.0,0.0,1.0,0.0,0.0,1.0,0.0,1
0.3086974699592689,0.9503161448664326,1.5089843125212101,-0.942155595646049,-2.412352471021688,0.0,1.0,1.0,0.0,0.0,1.0,0.0,0.0,1.0,0.0,0.0,1.0,1.0,0.0,0.0,1
-0.7555398685873164,-1.0522813964615434,-0.19431791598920387,0.3818237903362353,0.41453312151208005,0.0,1.0,1.0,0.0,0.0,0.0,1.0,0.0,1.0,0.0,1.0,0.0,0.0,0.0,1.0,1
0.4421235645535513,0.9503161448664326,0.4853248451405673,0.3818237903362353,0.41453312151208005,0.0,1.0,1.0,0.0,1.0,0.0,0.0,0.0,1.0,0.0,1.0,0.0,0.0,1.0,0.0,1
-0.737870538573133,-1.0522813964615434,-1.2179773833698468,-3.1929205518159325,0.41453312151208005,0.0,1.0,0.0,1.0,0.0,1.0,0.0,0.0,1.0,0.0,1.0,0.0,0.0,1.0,0.0,0
-0.7829499830964983,0.9503161448664326,-0.44603745714837834,0.3818237903362353,0.41453312151208005,0.0,1.0,0.0,1.0,1.0,0.0,0.0,0.0,1.0,0.0,1.0,0.0,0.0,0.0,1.0,0
1.5679770282778018,-1.0522813964615434,1.5509375693810727,0.3818237903362353,-2.412352471021688,1.0,0.0,0.0,1.0,0.0,0.0,1.0,0.0,1.0,0.0,1.0,0.0,0.0,1.0,0.0,0
-0.9249842128258958,-1.0522813964615434,-1.3018838970895716,0.3818237903362353,0.41453312151208005,0.0,1.0,0.0,1.0,0.0,0.0,1.0,0.0,1.0,0.0,1.0,0.0,0.0,1.0,0.0,1
-0.7933703572074271,0.9503161448664326,-0.6474130900757179,-1.6041452886371912,0.41453312151208005,1.0,0.0,0.0,1.0,0.0,0.0,1.0,0.0,1.0,0.0,1.0,0.0,0.0,1.0,0.0,1
2.1680546591441074,0.9503161448664326,1.7523132023084123,0.3818237903362353,-2.412352471021688,0.0,1.0,1.0,0.0,1.0,0.0,0.0,0.0,1.0,0.0,1.0,0.0,1.0,0.0,0.0,1
-0.29319239988285056,-1.0522813964615434,-0.28661508108090117,0.3818237903362353,0.41453312151208005,0.0,1.0,1.0,0.0,0.0,0.0,0.0,1.0,1.0,0.0,1.0,0.0,0.0,0.0,1.0,1
0.5864230930027158,0.9503161448664326,0.0741829279139156,0.3818237903362353,-2.412352471021688,0.0,1.0,0.0,1.0,1.0,0.0,0.0,0.0,1.0,0.0,1.0,0.0,1.0,0.0,0.0,0
-0.8377702121148622,0.9503161448664326,-0.2194898701051213,0.3818237903362353,0.41453312151208005,0.0,1.0,1.0,0.0,0.0,1.0,0.0,0.0,0.0,1.0,1.0,0.0,1.0,0.0,0.0,1
-0.9933962341628623,0.9503161448664326,-0.9578671908386999,-1.6041452886371912,0.41453312151208005,0.0,1.0,0.0,1.0,1.0,0.0,0.0,0.0,0.0,1.0,1.0,0.0,0.0,0.0,1.0,0
0.1691550688216153,-1.0522813964615434,0.032229671054053194,0.3818237903362353,0.41453312151208005,0.0,1.0,0.0,1.0,0.0,0.0,1.0,0.0,1.0,0.0,1.0,0.0,1.0,0.0,0.0,0
-0.03336263672556378,0.9503161448664326,0.3846370286768975,0.3818237903362353,0.41453312151208005,0.0,1.0,1.0,0.0,0.0,1.0,0.0,0.0,1.0,0.0,0.0,1.0,0.0,1.0,0.0,1
-0.977992202868446,0.9503161448664326,-0.6222411359598005,0.3818237903362353,-2.412352471021688,0.0,1.0,1.0,0.0,0.0,0.0,0.0,1.0,1.0,0.0,0.0,1.0,1.0,0.0,0.0,0
1.0254379848935804,0.9503161448664326,0.3259024690730901,0.3818237903362353,0.41453312151208005,0.0,1.0,0.0,1.0,1.0,0.0,0.0,0.0,0.0,1.0,1.0,0.0,1.0,0.0,0.0,1
0.3857176264313504,-1.0522813964615434,0.42659028553675993,0.3818237903362353,0.41453312151208005,0.0,1.0,0.0,1.0,1.0,0.0,0.0,0.0,1.0,0.0,1.0,0.0,0.0,0.0,1.0,1
-0.2945515791147108,0.9503161448664326,0.31751181770111764,0.3818237903362353,0.41453312151208005,0.0,1.0,0.0,1.0,1.0,0.0,0.0,0.0,1.0,0.0,1.0,0.0,0.0,0.0,1.0,0
-0.712046133167788,-1.0522813964615434,-0.9075232826068649,0.3818237903362353,-2.412352471021688,1.0,0.0,1.0,0.0,1.0,0.0,0.0,0.0,1.0,0.0,1.0,0.0,0.0,0.0,1.0,0
0.6271984699585237,-1.0522813964615434,0.3426837718170351,-2.9281246746194753,0.41453312151208005,0.0,1.0,0.0,1.0,1.0,0.0,0.0,0.0,1.0,0.0,1.0,0.0,0.0,1.0,0.0,1
0.34086471177996175,-1.0522813964615434,0.4181996341647874,0.3818237903362353,0.41453312151208005,1.0,0.0,0.0,1.0,1.0,0.0,0.0,0.0,1.0,0.0,0.0,1.0,1.0,0.0,0.0,1
-0.022036143126728257,0.9503161448664326,-0.25305247559301125,1.7058031763185197,0.41453312151208005,1.0,0.0,1.0,0.0,0.0,1.0,0.0,0.0,0.0,1.0,1.0,0.0,1.0,0.0,0.0,1
-0.3758758031543498,0.9503161448664326,-0.49638136538021327,0.3818237903362353,0.41453312151208005,0.0,1.0,1.0,0.0,0.0,0.0,0.0,1.0,1.0,0.0,0.0,1.0,0.0,1.0,0.0,1
-0.5623098877911825,0.9503161448664326,-0.06006749403764412,0.3818237903362353,-2.412352471021688,0.0,1.0,0.0,1.0,0.0,1.0,0.0,0.0,1.0,0.0,1.0,0.0,1.0,0.0,0.0,0
0.2901220204571786,0.9503161448664326,0.15808944163364044,0.3818237903362353,-2.412352471021688,0.0,1.0,0.0,1.0,1.0,0.0,0.0,0.0,1.0,0.0,1.0,0.0,0.0,1.0,0.0,1
-0.6952829226415115,-1.0522813964615434,-0.840398071631085,0.3818237903362353,0.41453312151208005,0.0,1.0,0.0,1.0,1.0,0.0,0.0,0.0,0.0,1.0,1.0,0.0,0.0,1.0,0.0,0
0.8723037914373243,-1.0522813964615434,-0.29500573245287365,-0.942155595646049,0.41453312151208005,0.0,1.0,0.0,1.0,0.0,0.0,1.0,0.0,1.0,0.0,1.0,0.0,0.0,0.0,1.0,0
0.6537024649797988,-1.0522813964615434,0.6615285239519895,0.3818237903362353,0.41453312151208005,0.0,1.0,0.0,1.0,1.0,0.0,0.0,0.0,1.0,0.0,1.0,0.0,1.0,0.0,0.0,0
-0.727676694334181,0.9503161448664326,-0.22788052147709378,-0.2801659026549069,0.41453312151208005,0.0,1.0,0.0,1.0,1.0,0.0,0.0,0.0,1.0,0.0,1.0,0.0,0.0,1.0,0.0,1
-0.373383974562606,0.9503161448664326,0.06579227654194313,0.3818237903362353,0.41453312151208005,0.0,1.0,0.0,1.0,0.0,0.0,0.0,1.0,1.0,0.0,1.0,0.0,0.0,1.0,0.0,1
-0.6092015712903616,-1.0522813964615434,-0.19431791598920387,0.3818237903362353,0.41453312151208005,0.0,1.0,0.0,1.0,1.0,0.0,0.0,0.0,1.0,0.0,1.0,0.0,0.0,0.0,1.0,1
0.04343098987454104,0.9503161448664326,0.24199595535336527,0.3818237903362353,0.41453312151208005,0.0,1.0,0.0,1.0,1.0,0.0,0.0,0.0,0.0,1.0,1.0,0.0,0.0,1.0,0.0,1
-0.8710701032954387,0.9503161448664326,-0.5047720167521857,0.3818237903362353,0.41453312151208005,0.0,1.0,0.0,1.0,0.0,0.0,0.0,1.0,0.0,1.0,1.0,0.0,0.0,1.0,0.0,1
1.1171825830441482,-1.0522813964615434,1.6348440831007975,1.7058031763185197,0.41453312151208005,1.0,0.0,0.0,1.0,0.0,0.0,1.0,0.0,0.0,1.0,1.0,0.0,0.0,0.0,1.0,0
-0.25989250870227415,0.9503161448664326,0.35946507456098004,0.3818237903362353,0.41453312151208005,0.0,1.0,1.0,0.0,1.0,0.0,0.0,0.0,0.0,1.0,1.0,0.0,0.0,1.0,0.0,1
-0.8785455890706702,0.9503161448664326,-0.4208655030324609,0.3818237903362353,0.41453312151208005,1.0,0.0,0.0,1.0,1.0,0.0,0.0,0.0,1.0,0.0,1.0,0.0,1.0,0.0,0.0,1
0.7869020297021044,0.9503161448664326,0.29233986358520014,0.3818237903362353,0.41453312151208005,0.0,1.0,0.0,1.0,1.0,0.0,0.0,0.0,1.0,0.0,1.0,0.0,0.0,1.0,0.0,1
-1.0223920577758812,-1.0522813964615434,-1.3186651998335166,0.3818237903362353,0.41453312151208005,0.0,1.0,0.0,1.0,1.0,0.0,0.0,0.0,1.0,0.0,1.0,0.0,1.0,0.0,0.0,1
-0.9551126857987983,0.9503161448664326,-0.7397102551674153,0.3818237903362353,0.41453312151208005,0.0,1.0,1.0,0.0,1.0,0.0,0.0,0.0,0.0,1.0,1.0,0.0,0.0,1.0,0.0,1
0.4047461356773941,0.9503161448664326,-0.07684879678158908,0.3818237903362353,0.41453312151208005,0.0,1.0,0.0,1.0,1.0,0.0,0.0,0.0,1.0,0.0,1.0,0.0,0.0,1.0,0.0,1
-0.021130023638821414,-1.0522813964615434,-0.6222411359598005,0.3818237903362353,0.41453312151208005,0.0,1.0,0.0,1.0,0.0,1.0,0.0,0.0,1.0,0.0,1.0,0.0,1.0,0.0,0.0,1
1.00618294577556,0.9503161448664326,1.3411712850817605,0.3818237903362353,0.41453312151208005,0.0,1.0,1.0,0.0,1.0,0.0,0.0,0.0,0.0,1.0,1.0,0.0,0.0,0.0,1.0,0
0.9278036100716183,0.9503161448664326,0.30912116632914516,-1.6041452886371912,0.41453312151208005,1.0,0.0,1.0,0.0,1.0,0.0,0.0,0.0,1.0,0.0,1.0,0.0,0.0,1.0,0.0,1
-0.0927134631834619,-1.0522813964615434,-0.19431791598920387,-2.2661349816283334,-2.412352471021688,1.0,0.0,1.0,0.0,1.0,0.0,0.0,0.0,1.0,0.0,1.0,0.0,0.0,1.0,0.0,0
-0.8937230904931097,-1.0522813964615434,-1.134070869650122,0.3818237903362353,0.41453312151208005,0.0,1.0,1.0,0.0,1.0,0.0,0.0,0.0,1.0,0.0,1.0,0.0,0.0,1.0,0.0,0
0.9214607736562704,0.9503161448664326,0.21682400123744783,0.3818237903362353,0.41453312151208005,1.0,0.0,0.0,1.0,1.0,0.0,0.0,0.0,1.0,0.0,1.0,0.0,0.0,0.0,1.0,1
0.2982770958483402,0.9503161448664326,1.5173749638931826,0.3818237903362353,0.41453312151208005,0.0,1.0,0.0,1.0,1.0,0.0,0.0,0.0,0.0,1.0,1.0,0.0,1.0,0.0,0.0,1
-0.48778155991084476,0.9503161448664326,-0.23627117284906626,0.3818237903362353,0.41453312151208005,0.0,1.0,0.0,1.0,1.0,0.0,0.0,0.0,1.0,0.0,1.0,0.0,0.0,1.0,0.0,1
-0.6343463870797764,0.9503161448664326,-0.5635065763559931,0.3818237903362353,0.41453312151208005,0.0,1.0,0.0,1.0,0.0,0.0,0.0,1.0,0.0,1.0,0.0,1.0,1.0,0.0,0.0,1
0.017153524725242637,-1.0522813964615434,-0.19431791598920387,-0.942155595646049,0.41453312151208005,1.0,0.0,0.0,1.0,0.0,0.0,1.0,0.0,0.0,1.0,1.0,0.0,1.0,0.0,0.0,1
0.5592395083655105,0.9503161448664326,0.4181996341647874,0.3818237903362353,0.41453312151208005,0.0,1.0,1.0,0.0,0.0,1.0,0.0,0.0,0.0,1.0,1.0,0.0,0.0,0.0,1.0,0
-0.9503555584872874,-1.0522813964615434,-0.19431791598920387,0.3818237903362353,-2.412352471021688,1.0,0.0,1.0,0.0,0.0,0.0,1.0,0.0,1.0,0.0,1.0,0.0,0.0,1.0,0.0,1
-0.5448670876489757,0.9503161448664326,0.31751181770111764,-2.2661349816283334,0.41453312151208005,0.0,1.0,0.0,1.0,1.0,0.0,0.0,0.0,0.0,1.0,1.0,0.0,0.0,1.0,0.0,1
-0.37134520571481566,0.9503161448664326,0.636356569836072,0.3818237903362353,0.41453312151208005,0.0,1.0,0.0,1.0,1.0,0.0,0.0,0.0,1.0,0.0,1.0,0.0,0.0,0.0,1.0,1
0.21853858091253814,-1.0522813964615434,-0.597069181843883,0.3818237903362353,0.41453312151208005,0.0,1.0,0.0,1.0,1.0,0.0,0.0,0.0,1.0,0.0,1.0,0.0,0.0,1.0,0.0,1
0.002882142790709884,0.9503161448664326,0.35107442318900756,0.3818237903362353,-2.412352471021688,1.0,0.0,1.0,0.0,1.0,0.0,0.0,0.0,1.0,0.0,0.0,1.0,0.0,1.0,0.0,0
-0.6608503821010515,0.9503161448664326,-0.613850484587828,0.3818237903362353,0.41453312151208005,1.0,0.0,0.0,1.0,0.0,1.0,0.0,0.0,1.0,0.0,1.0,0.0,1.0,0.0,0.0,1
-0.6685523977482596,-1.0522813964615434,-1.117289566906177,-0.942155595646049,0.41453312151208005,0.0,1.0,1.0,0.0,1.0,0.0,0.0,0.0,1.0,0.0,1.0,0.0,0.0,1.0,0.0,0
1.1599967288477464,-1.0522813964615434,1.60967212898488,0.3818237903362353,0.41453312151208005,1.0,0.0,0.0,1.0,0.0,0.0,1.0,0.0,1.0,0.0,1.0,0.0,0.0,1.0,0.0,0
1.9152473220180986,0.9503161448664326,1.9033449270039169,0.3818237903362353,0.41453312151208005,0.0,1.0,1.0,0.0,0.0,1.0,0.0,0.0,0.0,1.0,1.0,0.0,0.0,0.0,1.0,1
2.097830398831327,-1.0522813964615434,-0.19431791598920387,0.3818237903362353,0.41453312151208005,1.0,0.0,0.0,1.0,0.0,0.0,1.0,0.0,1.0,0.0,1.0,0.0,0.0,0.0,1.0,1
0.16779588958975503,0.9503161448664326,0.4098089827928149,0.3818237903362353,0.41453312151208005,0.0,1.0,0.0,1.0,1.0,0.0,0.0,0.0,1.0,0.0,1.0,0.0,0.0,1.0,0.0,1
-0.9462780207917065,-1.0522813964615434,-1.3018838970895716,0.3818237903362353,0.41453312151208005,0.0,1.0,1.0,0.0,1.0,0.0,0.0,0.0,1.0,0.0,1.0,0.0,0.0,0.0,1.0,1
-0.26306392690994806,-1.0522813964615434,-0.7145383010514978,0.3818237903362353,0.41453312151208005,0.0,1.0,1.0,0.0,1.0,0.0,0.0,0.0,1.0,0.0,1.0,0.0,1.0,0.0,0.0,1
1.0043707067997465,0.9503161448664326,2.1382831654191463,0.3818237903362353,0.41453312151208005,0.0,1.0,0.0,1.0,0.0,1.0,0.0,0.0,1.0,0.0,1.0,0.0,0.0,1.0,0.0,1
-0.3896941253449292,0.9503161448664326,-0.018114237177781708,-0.942155595646049,0.41453312151208005,0.0,1.0,0.0,1.0,0.0,0.0,0.0,1.0,0.0,1.0,1.0,0.0,0.0,1.0,0.0,1
-0.1672417910637996,0.9503161448664326,0.8125602486474941,0.3818237903362353,0.41453312151208005,0.0,1.0,0.0,1.0,0.0,1.0,0.0,0.0,0.0,1.0,1.0,0.0,0.0,0.0,1.0,0
-0.2481129553594852,-1.0522813964615434,-0.7481009065393878,0.3818237903362353,0.41453312151208005,1.0,0.0,1.0,0.0,0.0,0.0,0.0,1.0,0.0,1.0,1.0,0.0,0.0,0.0,1.0,1
-0.777739796041034,-1.0522813964615434,-0.8907419798629199,0.3818237903362353,0.41453312151208005,0.0,1.0,0.0,1.0,0.0,0.0,0.0,1.0,1.0,0.0,1.0,0.0,0.0,0.0,1.0,1
-0.44972454141875745,-1.0522813964615434,-0.7900541633992502,-2.9281246746194753,-2.412352471021688,0.0,1.0,0.0,1.0,1.0,0.0,0.0,0.0,1.0,0.0,1.0,0.0,0.0,0.0,1.0,0
0.006053560998383829,0.9503161448664326,0.46015289102464985,0.3818237903362353,0.41453312151208005,1.0,0.0,0.0,1.0,1.0,0.0,0.0,0.0,1.0,0.0,0.0,1.0,0.0,1.0,0.0,1
0.06699009656011892,-1.0522813964615434,0.19165204712153036,-2.2661349816283334,0.41453312151208005,0.0,1.0,0.0,1.0,0.0,1.0,0.0,0.0,1.0,0.0,1.0,0.0,0.0,0.0,1.0,1
-0.40645733587120575,-1.0522813964615434,-0.7397102551674153,0.3818237903362353,0.41453312151208005,1.0,0.0,1.0,0.0,0.0,0.0,1.0,0.0,1.0,0.0,1.0,0.0,0.0,0.0,1.0,1
-0.07730943188904559,0.9503161448664326,0.5440594047443746,0.3818237903362353,0.41453312151208005,0.0,1.0,1.0,0.0,1.0,0.0,0.0,0.0,1.0,0.0,1.0,0.0,0.0,0.0,1.0,1
-0.5546078721439743,-1.0522813964615434,-0.9410858880947548,0.3818237903362353,-2.412352471021688,0.0,1.0,0.0,1.0,1.0,0.0,0.0,0.0,1.0,0.0,0.0,1.0,0.0,1.0,0.0,0
1.3267227146226053,-1.0522813964615434,-0.19431791598920387,-0.942155595646049,0.41453312151208005,0.0,1.0,0.0,1.0,1.0,0.0,0.0,0.0,1.0,0.0,1.0,0.0,1.0,0.0,0.0,1
0.008998449334081064,0.9503161448664326,0.24199595535336527,1.7058031763185197,0.41453312151208005,0.0,1.0,0.0,1.0,1.0,0.0,0.0,0.0,1.0,0.0,1.0,0.0,0.0,0.0,1.0,1
0.19701824307475066,0.9503161448664326,0.586012661604237,0.3818237903362353,0.41453312151208005,0.0,1.0,1.0,0.0,0.0,1.0,0.0,0.0,1.0,0.0,0.0,1.0,0.0,0.0,1.0,0
-0.8391293913467225,0.9503161448664326,-0.09363009952553406,0.3818237903362353,-2.412352471021688,0.0,1.0,1.0,0.0,0.0,0.0,1.0,0.0,0.0,1.0,1.0,0.0,0.0,0.0,1.0,0
-0.12941130244368898,0.9503161448664326,0.10774553340180554,0.3818237903362353,0.41453312151208005,0.0,1.0,1.0,0.0,0.0,0.0,1.0,0.0,1.0,0.0,1.0,0.0,0.0,1.0,0.0,1
0.7316287409397871,-1.0522813964615434,0.8209509000194666,-1.6041452886371912,0.41453312151208005,0.0,1.0,0.0,1.0,1.0,0.0,0.0,0.0,1.0,0.0,1.0,0.0,1.0,0.0,0.0,1
2.2704461612775804,0.9503161448664326,1.1146236980385036,0.3818237903362353,0.41453312151208005,0.0,1.0,0.0,1.0,0.0,1.0,0.0,0.0,0.0,1.0,1.0,0.0,0.0,0.0,1.0,1
-0.5045447704371213,-1.0522813964615434,-0.85717937437503,0.3818237903362353,0.41453312151208005,0.0,1.0,0.0,1.0,1.0,0.0,0.0,0.0,1.0,0.0,1.0,0.0,0.0,1.0,0.0,1
-0.840262040706606,0.9503161448664326,-0.597069181843883,0.3818237903362353,0.41453312151208005,0.0,1.0,1.0,0.0,1.0,0.0,0.0,0.0,0.0,1.0,1.0,0.0,1.0,0.0,0.0,1
-0.39490431240039353,0.9503161448664326,-0.02650488854975419,0.3818237903362353,0.41453312151208005,0.0,1.0,0.0,1.0,1.0,0.0,0.0,0.0,1.0,0.0,1.0,0.0,0.0,0.0,1.0,1
-0.7713969596256861,-1.0522813964615434,-1.1928054292539294,0.3818237903362353,0.41453312151208005,0.0,1.0,1.0,0.0,1.0,0.0,0.0,0.0,1.0,0.0,1.0,0.0,1.0,0.0,0.0,1
0.7590388554489691,0.9503161448664326,0.7789976431596042,0.3818237903362353,-2.412352471021688,0.0,1.0,1.0,0.0,1.0,0.0,0.0,0.0,1.0,0.0,0.0,1.0,0.0,0.0,1.0,0
-0.07028700585776756,-1.0522813964615434,-0.5047720167521857,-0.2801659026549069,0.41453312151208005,1.0,0.0,0.0,1.0,1.0,0.0,0.0,0.0,1.0,0.0,0.0,1.0,1.0,0.0,0.0,1
0.5270722665448176,0.9503161448664326,0.7957789459035491,-0.2801659026549069,0.41453312151208005,0.0,1.0,1.0,0.0,1.0,0.0,0.0,0.0,1.0,0.0,1.0,0.0,0.0,0.0,1.0,1
-0.7818173337366148,-1.0522813964615434,-0.873960677118975,0.3818237903362353,0.41453312151208005,0.0,1.0,1.0,0.0,1.0,0.0,0.0,0.0,1.0,0.0,1.0,0.0,1.0,0.0,0.0,1
-0.2216089603382101,0.9503161448664326,0.2587772580973102,-2.2661349816283334,-2.412352471021688,0.0,1.0,1.0,0.0,0.0,0.0,0.0,1.0,0.0,1.0,1.0,0.0,0.0,0.0,1.0,0
-0.7559929283312699,-1.0522813964615434,-0.8823513284909474,0.3818237903362353,0.41453312151208005,0.0,1.0,0.0,1.0,1.0,0.0,0.0,0.0,1.0,0.0,0.0,1.0,0.0,1.0,0.0,1
-0.7428541957566206,0.9503161448664326,0.032229671054053194,0.3818237903362353,-2.412352471021688,0.0,1.0,0.0,1.0,1.0,0.0,0.0,0.0,1.0,0.0,0.0,1.0,0.0,1.0,0.0,1
-0.2533231424149495,-1.0522813964615434,-0.5047720167521857,-1.6041452886371912,0.41453312151208005,0.0,1.0,0.0,1.0,1.0,0.0,0.0,0.0,0.0,1.0,1.0,0.0,1.0,0.0,0.0,1
0.3762033718083286,0.9503161448664326,-0.19431791598920387,0.3818237903362353,0.41453312151208005,0.0,1.0,0.0,1.0,1.0,0.0,0.0,0.0,1.0,0.0,1.0,0.0,0.0,0.0,1.0,1
-0.7036645279046497,-1.0522813964615434,-0.9662578422106723,0.3818237903362353,-2.412352471021688,0.0,1.0,0.0,1.0,0.0,0.0,0.0,1.0,0.0,1.0,1.0,0.0,1.0,0.0,0.0,0
-0.8144376353012611,0.9503161448664326,-0.3789122461725985,0.3818237903362353,0.41453312151208005,0.0,1.0,0.0,1.0,1.0,0.0,0.0,0.0,1.0,0.0,1.0,0.0,0.0,0.0,1.0,1
0.4434827437854115,0.9503161448664326,1.6851879913326324,0.3818237903362353,0.41453312151208005,0.0,1.0,0.0,1.0,1.0,0.0,0.0,0.0,1.0,0.0,1.0,0.0,0.0,1.0,0.0,1
-0.7371909489572028,-1.0522813964615434,-1.033383053186452,0.3818237903362353,0.41453312151208005,0.0,1.0,0.0,1.0,1.0,0.0,0.0,0.0,1.0,0.0,0.0,1.0,0.0,1.0,0.0,0
2.1569546954172485,0.9503161448664326,2.0459860003274493,0.3818237903362353,0.41453312151208005,1.0,0.0,0.0,1.0,1.0,0.0,0.0,0.0,1.0,0.0,1.0,0.0,0.0,1.0,0.0,1
-0.09180734369555504,0.9503161448664326,-0.04328619129369916,0.3818237903362353,0.41453312151208005,1.0,0.0,0.0,1.0,1.0,0.0,0.0,0.0,0.0,1.0,1.0,0.0,0.0,1.0,0.0,0
-0.9510351481032174,0.9503161448664326,-0.11041140226947901,0.3818237903362353,0.41453312151208005,0.0,1.0,0.0,1.0,0.0,0.0,1.0,0.0,0.0,1.0,1.0,0.0,0.0,1.0,0.0,1
0.5499517836144654,0.9503161448664326,1.106233046666531,0.3818237903362353,0.41453312151208005,0.0,1.0,0.0,1.0,0.0,1.0,0.0,0.0,1.0,0.0,1.0,0.0,0.0,1.0,0.0,1
-0.7251848657424372,-1.0522813964615434,-0.9075232826068649,0.3818237903362353,0.41453312151208005,0.0,1.0,1.0,0.0,1.0,0.0,0.0,0.0,0.0,1.0,0.0,1.0,0.0,0.0,1.0,1
-0.9533004468229845,-1.0522813964615434,-1.1005082641622321,0.3818237903362353,0.41453312151208005,0.0,1.0,1.0,0.0,1.0,0.0,0.0,0.0,1.0,0.0,1.0,0.0,0.0,1.0,0.0,1
-0.6968686317453484,-1.0522813964615434,-0.9914297963265898,1.7058031763185197,0.41453312151208005,0.0,1.0,0.0,1.0,1.0,0.0,0.0,0.0,1.0,0.0,1.0,0.0,1.0,0.0,0.0,1
-0.10109506844660017,0.9503161448664326,-0.19431791598920387,0.3818237903362353,-2.412352471021688,1.0,0.0,1.0,0.0,1.0,0.0,0.0,0.0,1.0,0.0,1.0,0.0,1.0,0.0,0.0,1
-0.9243046232099656,0.9503161448664326,-0.4879907140082408,0.3818237903362353,0.41453312151208005,1.0,0.0,0.0,1.0,1.0,0.0,0.0,0.0,1.0,0.0,1.0,0.0,0.0,0.0,1.0,1
-0.7553133387153397,0.9503161448664326,-0.6641943928196629,0.3818237903362353,0.41453312151208005,0.0,1.0,1.0,0.0,0.0,0.0,0.0,1.0,1.0,0.0,1.0,0.0,1.0,0.0,0.0,1
-0.1436826843782217,-1.0522813964615434,-0.6893663469355804,0.3818237903362353,0.41453312151208005,1.0,0.0,0.0,1.0,0.0,1.0,0.0,0.0,1.0,0.0,1.0,0.0,0.0,0.0,1.0,0
0.33225657664484676,0.9503161448664326,0.586012661604237,0.3818237903362353,0.41453312151208005,1.0,0.0,0.0,1.0,0.0,0.0,0.0,1.0,1.0,0.0,1.0,0.0,0.0,0.0,1.0,1
0.7508837800578075,0.9503161448664326,1.5845001748689627,0.3818237903362353,0.41453312151208005,0.0,1.0,0.0,1.0,1.0,0.0,0.0,0.0,1.0,0.0,1.0,0.0,1.0,0.0,0.0,1
-0.6243790727128011,0.9503161448664326,-0.03489553992172667,-2.6633287974230186,0.41453312151208005,0.0,1.0,0.0,1.0,0.0,0.0,1.0,0.0,1.0,0.0,1.0,0.0,1.0,0.0,0.0,1
-0.059866631746838886,-1.0522813964615434,-0.12719270501342397,-1.6041452886371912,0.41453312151208005,0.0,1.0,0.0,1.0,1.0,0.0,0.0,0.0,1.0,0.0,0.0,1.0,1.0,0.0,0.0,1
-0.7729826687295231,-1.0522813964615434,-1.134070869650122,0.3818237903362353,0.41453312151208005,0.0,1.0,0.0,1.0,0.0,0.0,1.0,0.0,1.0,0.0,1.0,0.0,0.0,0.0,1.0,1
-0.18151317299833236,0.9503161448664326,0.6447472212080445,0.3818237903362353,0.41453312151208005,0.0,1.0,0.0,1.0,1.0,0.0,0.0,0.0,1.0,0.0,1.0,0.0,0.0,1.0,0.0,1
-0.38924106560097577,-1.0522813964615434,-0.6306317873317729,0.3818237903362353,0.41453312151208005,0.0,1.0,0.0,1.0,1.0,0.0,0.0,0.0,1.0,0.0,1.0,0.0,0.0,0.0,1.0,0
-0.7945030065673107,0.9503161448664326,0.09935488202983306,0.3818237903362353,0.41453312151208005,1.0,0.0,0.0,1.0,0.0,0.0,1.0,0.0,0.0,1.0,1.0,0.0,0.0,1.0,0.0,1
0.8548609912951176,0.9503161448664326,0.3846370286768975,0.3818237903362353,0.41453312151208005,0.0,1.0,0.0,1.0,1.0,0.0,0.0,0.0,1.0,0.0,1.0,0.0,0.0,1.0,0.0,1
-1.0291879539351825,0.9503161448664326,-0.28661508108090117,0.3818237903362353,0.41453312151208005,0.0,1.0,1.0,0.0,1.0,0.0,0.0,0.0,1.0,0.0,1.0,0.0,1.0,0.0,0.0,0
-0.7874805805360325,-1.0522813964615434,-1.0082110990705346,0.3818237903362353,0.41453312151208005,0.0,1.0,1.0,0.0,1.0,0.0,0.0,0.0,1.0,0.0,1.0,0.0,0.0,1.0,0.0,1
-0.01977084440696115,-1.0522813964615434,-0.25305247559301125,0.3818237903362353,0.41453312151208005,0.0,1.0,1.0,0.0,1.0,0.0,0.0,0.0,1.0,0.0,0.0,1.0,0.0,1.0,0.0,1
-1.010839034305069,-1.0522813964615434,-1.2263680347418193,0.3818237903362353,0.41453312151208005,0.0,1.0,0.0,1.0,1.0,0.0,0.0,0.0,1.0,0.0,1.0,0.0,0.0,1.0,0.0,1
0.8011734116366372,-1.0522813964615434,-0.09363009952553406,0.3818237903362353,0.41453312151208005,0.0,1.0,0.0,1.0,1.0,0.0,0.0,0.0,1.0,0.0,1.0,0.0,0.0,0.0,1.0,1
1.5054547836122298,0.9503161448664326,1.7439225509364398,0.3818237903362353,0.41453312151208005,0.0,1.0,0.0,1.0,0.0,1.0,0.0,0.0,1.0,0.0,1.0,0.0,0.0,1.0,0.0,1
0.09893080850883508,0.9503161448664326,0.007057716938135743,0.3818237903362353,0.41453312151208005,0.0,1.0,0.0,1.0,0.0,1.0,0.0,0.0,1.0,0.0,1.0,0.0,0.0,1.0,0.0,1
1.378371525433295,0.9503161448664326,0.896466762367219,0.3818237903362353,0.41453312151208005,0.0,1.0,1.0,0.0,1.0,0.0,0.0,0.0,1.0,0.0,1.0,0.0,0.0,1.0,0.0,1
0.5109886456344712,-1.0522813964615434,0.6615285239519895,0.3818237903362353,0.41453312151208005,0.0,1.0,1.0,0.0,0.0,0.0,1.0,0.0,1.0,0.0,1.0,0.0,1.0,0.0,0.0,1
0.7936979258614058,-1.0522813964615434,-0.018114237177781708,0.3818237903362353,0.41453312151208005,0.0,1.0,0.0,1.0,0.0,1.0,0.0,0.0,1.0,0.0,1.0,0.0,0.0,0.0,1.0,1
-0.1280521232118287,0.9503161448664326,0.7370443862997418,0.3818237903362353,-2.412352471021688,0.0,1.0,1.0,0.0,1.0,0.0,0.0,0.0,1.0,0.0,1.0,0.0,0.0,1.0,0.0,0
0.5694333526044625,-1.0522813964615434,0.7873882945315767,-2.6633287974230186,0.41453312151208005,0.0,1.0,1.0,0.0,1.0,0.0,0.0,0.0,1.0,0.0,1.0,0.0,0.0,0.0,1.0,1
-0.7922377078475435,-1.0522813964615434,-1.0249924018144796,0.3818237903362353,0.41453312151208005,0.0,1.0,0.0,1.0,1.0,0.0,0.0,0.0,1.0,0.0,0.0,1.0,1.0,0.0,0.0,1
-0.9721024261970516,-1.0522813964615434,-1.2179773833698468,0.3818237903362353,0.41453312151208005,0.0,1.0,0.0,1.0,0.0,0.0,1.0,0.0,1.0,0.0,0.0,1.0,1.0,0.0,0.0,1
2.8499095737940054,-1.0522813964615434,2.6249409449935506,-2.2661349816283334,0.41453312151208005,0.0,1.0,0.0,1.0,0.0,0.0,1.0,0.0,1.0,0.0,1.0,0.0,0.0,0.0,1.0,1
1.6839603227298774,0.9503161448664326,0.602793964348182,0.3818237903362353,0.41453312151208005,0.0,1.0,0.0,1.0,0.0,0.0,1.0,0.0,0.0,1.0,1.0,0.0,0.0,0.0,1.0,1
0.6593657117792165,-1.0522813964615434,-0.09363009952553406,0.3818237903362353,0.41453312151208005,1.0,0.0,1.0,0.0,1.0,0.0,0.0,0.0,0.0,1.0,1.0,0.0,1.0,0.0,0.0,1
-0.33600654568644883,0.9503161448664326,-0.4124748516604884,1.7058031763185197,-2.412352471021688,0.0,1.0,1.0,0.0,0.0,0.0,0.0,1.0,1.0,0.0,1.0,0.0,1.0,0.0,0.0,0
-0.727676694334181,0.9503161448664326,-0.7481009065393878,-2.2661349816283334,0.41453312151208005,0.0,1.0,0.0,1.0,0.0,0.0,1.0,0.0,1.0,0.0,1.0,0.0,0.0,1.0,0.0,1
-0.5285569368666526,-1.0522813964615434,-0.7397102551674153,-0.2801659026549069,0.41453312151208005,0.0,1.0,0.0,1.0,0.0,0.0,0.0,1.0,1.0,0.0,0.0,1.0,1.0,0.0,0.0,1
-0.7661867725702218,-1.0522813964615434,-1.066945658674342,0.3818237903362353,0.41453312151208005,0.0,1.0,0.0,1.0,1.0,0.0,0.0,0.0,1.0,0.0,1.0,0.0,1.0,0.0,0.0,1
-0.4245797256293426,-1.0522813964615434,-0.40408420028851594,0.3818237903362353,0.41453312151208005,0.0,1.0,0.0,1.0,0.0,0.0,1.0,0.0,1.0,0.0,1.0,0.0,0.0,1.0,0.0,1
-0.8991598074205508,-1.0522813964615434,-1.0166017504425071,0.3818237903362353,0.41453312151208005,0.0,1.0,0.0,1.0,1.0,0.0,0.0,0.0,1.0,0.0,0.0,1.0,0.0,1.0,0.0,1
-0.8155702846611447,0.9503161448664326,-0.018114237177781708,0.3818237903362353,0.41453312151208005,0.0,1.0,0.0,1.0,1.0,0.0,0.0,0.0,0.0,1.0,1.0,0.0,0.0,1.0,0.0,1
0.9062832722338309,0.9503161448664326,0.3342931204450626,0.3818237903362353,0.41453312151208005,0.0,1.0,0.0,1.0,1.0,0.0,0.0,0.0,1.0,0.0,1.0,0.0,0.0,0.0,1.0,1
-0.3656819589153979,-1.0522813964615434,-0.32856833794076357,0.3818237903362353,0.41453312151208005,0.0,1.0,1.0,0.0,1.0,0.0,0.0,0.0,1.0,0.0,1.0,0.0,0.0,1.0,0.0,0
-0.6481647092703557,0.9503161448664326,0.0741829279139156,0.3818237903362353,0.41453312151208005,0.0,1.0,1.0,0.0,1.0,0.0,0.0,0.0,1.0,0.0,1.0,0.0,0.0,0.0,1.0,0
2.067475395986448,0.9503161448664326,2.490690523041991,0.3818237903362353,0.41453312151208005,0.0,1.0,0.0,1.0,1.0,0.0,0.0,0.0,1.0,0.0,1.0,0.0,1.0,0.0,0.0,1
-0.9761799638926323,-1.0522813964615434,-1.0837269614182872,0.3818237903362353,0.41453312151208005,0.0,1.0,0.0,1.0,0.0,1.0,0.0,0.0,1.0,0.0,1.0,0.0,1.0,0.0,0.0,1
1.932010532544375,0.9503161448664326,3.203895889659652,0.3818237903362353,0.41453312151208005,0.0,1.0,0.0,1.0,1.0,0.0,0.0,0.0,1.0,0.0,1.0,0.0,0.0,0.0,1.0,0
-1.0144635122566963,-1.0522813964615434,-1.1256802182781496,0.3818237903362353,0.41453312151208005,0.0,1.0,0.0,1.0,1.0,0.0,0.0,0.0,1.0,0.0,1.0,0.0,1.0,0.0,0.0,1
0.136534767256969,-1.0522813964615434,-0.29500573245287365,-1.6041452886371912,0.41453312151208005,0.0,1.0,1.0,0.0,1.0,0.0,0.0,0.0,1.0,0.0,1.0,0.0,1.0,0.0,0.0,1
-0.8604231993125333,-1.0522813964615434,-1.066945658674342,0.3818237903362353,0.41453312151208005,0.0,1.0,0.0,1.0,0.0,0.0,1.0,0.0,1.0,0.0,1.0,0.0,1.0,0.0,0.0,1
-0.9619085819580996,-1.0522813964615434,-1.1928054292539294,0.3818237903362353,0.41453312151208005,0.0,1.0,0.0,1.0,1.0,0.0,0.0,0.0,1.0,0.0,1.0,0.0,0.0,0.0,1.0,1
0.0250820702444275,-1.0522813964615434,-0.4208655030324609,0.3818237903362353,0.41453312151208005,0.0,1.0,1.0,0.0,1.0,0.0,0.0,0.0,0.0,1.0,1.0,0.0,0.0,0.0,1.0,1
0.6740901534577027,-1.0522813964615434,0.896466762367219,-1.6041452886371912,0.41453312151208005,0.0,1.0,1.0,0.0,1.0,0.0,0.0,0.0,1.0,0.0,1.0,0.0,0.0,1.0,0.0,1
-0.9725554859410049,0.9503161448664326,-0.3201776865687911,0.3818237903362353,-2.412352471021688,1.0,0.0,0.0,1.0,0.0,0.0,1.0,0.0,1.0,0.0,1.0,0.0,1.0,0.0,0.0,1
-0.8436599887862567,-1.0522813964615434,-0.9914297963265898,0.3818237903362353,0.41453312151208005,0.0,1.0,0.0,1.0,1.0,0.0,0.0,0.0,1.0,0.0,1.0,0.0,0.0,1.0,0.0,0
0.3379198234442645,0.9503161448664326,0.8796854596232739,-0.942155595646049,0.41453312151208005,0.0,1.0,1.0,0.0,0.0,0.0,0.0,1.0,1.0,0.0,1.0,0.0,0.0,1.0,0.0,1
-0.6259647818166381,-1.0522813964615434,-0.6474130900757179,0.3818237903362353,0.41453312151208005,0.0,1.0,0.0,1.0,0.0,0.0,1.0,0.0,0.0,1.0,1.0,0.0,1.0,0.0,0.0,1
-0.5557405215038579,0.9503161448664326,0.10774553340180554,0.3818237903362353,0.41453312151208005,0.0,1.0,1.0,0.0,1.0,0.0,0.0,0.0,1.0,0.0,1.0,0.0,1.0,0.0,0.0,1
-0.7566725179471999,0.9503161448664326,-0.09363009952553406,0.3818237903362353,0.41453312151208005,1.0,0.0,0.0,1.0,0.0,1.0,0.0,0.0,1.0,0.0,1.0,0.0,1.0,0.0,0.0,1
